"id"	"price"
"PET_SKIN_TIGER_ZODIAC"	25000000
"RABBIT_HELMET"	349998
"SILVERFISH;3"	300000
"SILVERFISH;4"	498000
"SILVERFISH;0"	98000
"DUNGEON_DISC_3"	150000
"PERFECT_LEGGINGS_2"	1000000
"CHALLENGER_CLOAK"	1099999
"EPOCH_CAKE_SILVER"	16490000
"RUNE_GEM_1"	1
"RUNE_GEM_2"	35000
"RUNE_GEM_3"	89990
"PET_ITEM_TITANIUM_MINECART"	600
"EINARY_RED_HOODIE"	450000
"BIOHAZARD_SPACE_SNOWFLAKE"	29900000
"SNOWMAN;4"	2900000
"SNOWMAN;7"	30000000
"SWORD_OF_REVELATIONS"	3880499
"AURORA_CHESTPLATE"	109215
"DYE_MATCHA"	150000000
"SOULFLOW_SUPERCELL"	40000000
"EXPERIMENTATION_TABLE"	46429
"GLACIAL_DIVAN"	289000000
"GOLEM_ARMOR_LEGGINGS"	340000
"POTION_invisibility"	25
"PIGGY_BANK"	144000
"MINERAL_CHESTPLATE"	1641749
"BLUE_EGG"	37000000
"WORM_THE_FISH"	290000
"SUPER_HEAVY_CHESTPLATE"	68000
"STARRED_STONE_BLADE"	2325936
"TAIGA_BIOME_STICK"	50
"ASPECT_OF_THE_VOID"	6437409
"PERFECT_BOOTS_5"	2000000
"PINWHEEL_HOUSE_BARN_SKIN"	78333333
"STEW_THE_FISH"	2690000
"ABIPHONE_FLIP_PLUS_FLOWER"	79000000
"BUILDER_APPALLED_PUMPKIN"	50
"PET_SKIN_SPIDER_BLACK_WIDOW"	29976666
"PET_SKIN_SHEEP_GREEN"	276666666
"POTION_cold_resistance"	50
"PLACEABLE_FAIRY_SOUL_RIFT"	19210000
"REAPER_MASK"	12000000
"HOT_TERROR_LEGGINGS"	8400000
"PET_SKIN_JERRY_LEPRECHAUN"	70000000
"BURSTFIRE_DAGGER"	4831601
"DRACONIC_ARTIFACT"	57900000
"PET_SKIN_HERMIT_CRAB_CANNED"	42000000
"DYE_MANGO"	24200000
"SCYTHE_BLADE"	10000000
"STONE_BLADE"	1300000
"JUNGLE_DRESSER"	69000
"HOLY_SHIMMER"	500000000
"REKINDLED_EMBER_LEGGINGS"	1412057
"SUN_PERSONALITY"	200000
"YOUNG_DRAGON_HELMET"	948000
"PET_SKIN_SKELETON_SANTA"	1800000
"RUNE_ZAP_1"	1
"RUNE_ZAP_3"	65000
"HASTE_ARTIFACT"	315000
"DYE_DUNG"	12999999
"SHADOW_ASSASSIN_CLOAK"	2180000
"PERFECT_CHESTPLATE_9"	4000000
"ANITA_TALISMAN"	1400000
"COLLECTION_DISPLAY"	15725000
"RUNE_FIERY_BURST_1"	590000
"RUNE_FIERY_BURST_2"	1800000
"RUNE_FIERY_BURST_3"	4191170
"FISHERMAN_COOLER"	3249
"IRON_BARDING"	80000000
"PLUMBER_SPONGE"	31
"ABIPHONE_BASIC"	235000
"FIRE_VEIL_WAND"	6132560
"MASTER_SKULL_TIER_2"	580000
"GLACIAL_TALISMAN"	2774000
"ELEPHANT;2"	474999
"ELEPHANT;4"	19083515
"ELEPHANT;3"	2172000
"ELEPHANT;0"	135000
"PESTHUNTER_ARTIFACT"	1199998
"PET_SKIN_ARMADILLO_GLACIAL"	34000000
"PET_SKIN_SNAIL_RAINBOW"	53100000
"BLOOD_DONOR_ARTIFACT"	36300000
"HOE_OF_GREAT_TILLING"	600000
"BEE_MASK"	29000000
"PET_SKIN_SHEEP_WHITE_WOOLY"	90000000
"MOONGLADE_TALISMAN"	5000
"FARM_SUIT_LEGGINGS"	67
"SPONGE_HELMET"	806388
"LOCKED_BALLOT_BOX"	10333333
"PESTHUNTER_RING"	598000
"SAVANA_BOW"	199999
"CHALLENGER_BRACELET"	1176000
"INFERNAL_TERROR_LEGGINGS"	247252272
"PUMPKIN_CANDY_HANDOUT"	9000
"TARANTULA_CHESTPLATE"	2414700
"PET_SKIN_MONKEY_SEE_HEAR_SPEAK"	41933333
"EASTER_BASKET"	499
"PICNIC_SET"	30000
"MENDER_CROWN"	5770500
"KUUDRAS_KIDNEY"	40193976
"GROWTH_CHESTPLATE"	1890000
"VILLAGER_DOLL"	7777777
"WINTER_BARN_BARN_SKIN"	2799999
"GIFT_GREEN_BACKPACK"	800000
"SHARP_SHARK_TOOTH_NECKLACE"	1340000
"ZOMBIE_BOOTS"	499000
"DIGESTED_MOSQUITO"	35000000
"ROOKIE_HOE"	15
"HEARTMAW_DAGGER"	40347524
"SQUID_HAT"	50
"GOBLIN_OMELETTE_PESTO"	4878353
"PET_SKIN_AMMONITE_NATURAL"	12820000
"UNDEAD_PERSONALITY"	200000
"PREHISTORIC_EGG"	1000
"BUNNY_COFFEE_TABLE"	500
"INFERNAL_AURORA_HELMET"	236094624
"PET_ITEM_LUCKY_CLOVER"	3249000
"FROZEN_BLAZE_CHESTPLATE"	5637931
"SPIDER_HAT"	60
"BINGO_RING"	335277778
"CREEPER_LEGGINGS"	666666
"PET_SKIN_BEE_USB"	50000000
"ENTANGLER_LASSO"	1265000
"BURNING_CRIMSON_HELMET"	26259776
"CENTURY_THE_FISH"	7200000
"PERFECT_LEGGINGS_3"	1536036
"STARRED_MIDAS_STAFF"	373811104
"PET_SKIN_RAT_MR_CLAWS"	44444440
"SHENS_REGALIA"	269855009
"VOIDWALKER_KATANA"	170000
"DYE_BLACK_OPAL"	14999900
"DESTRUCTION_CLOAK"	70590000
"EDIBLE_MACE"	3800000
"NUTCRACKER_KNIGHT"	555000
"PET_SKIN_BEE_GREAT_GATSBEE"	250000000
"RESPIRATION_RING"	1099999
"IRON_BOOTS"	6
"PERFECT_HELMET_1"	696000
"JUKEBOX"	15
"RECLUSE_FANG"	500000
"PET_SKIN_REINDEER_AURORA"	63444444
"WISE_DRAGON_BOOTS"	2400000
"STEP-3"	1
"POTION_magic_find"	48333
"CHALLENGER_BELT"	1299000
"PET_SKIN_GRIFFIN_REINDRAKE"	96894048
"PET_SKIN_ENDERMAN_DESPAIR"	24999998
"UNSTABLE_DRAGON_DRAKE"	30353333
"MOODY_GRAPPLESHOT"	4178004
"RED_ROSE-3"	5
"TITANIUM_ARTIFACT"	13250000
"OBSIDIAN-6"	750021
"ABIPHONE_XIII_PRO"	5049999
"RUNE_JERRY_3"	450000
"EXCEEDINGLY_RARE_ENDER_ARTIFACT_UPGRADER"	35000000
"BIOFUEL"	48000
"VELVET_TOP_HAT"	238800
"FIERY_AURORA_LEGGINGS"	83562919
"HOTSPOT_HOOK"	8376532
"SOULWEAVER_GLOVES"	4700000
"REAPER_BOOTS"	9060000
"PET_SKIN_SLUG_LEAF_SHEEP_SEA_SLUG"	38000000
"FINWAVE_BELT"	16152388
"PET_SKIN_ELEPHANT_BLACK_PLUSHIE"	79999000
"DYE_LIVID"	38500000
"DRACONIC_RING"	20270891
"CHICK_DRESSER"	500
"PRISMARINE-1"	200
"GOLD_HOE"	36
"PESTHUNTERS_GLOVES"	545000
"DYE_PASTEL_SKY"	42775048
"DRACONIC_TALISMAN"	6134876
"MAP-16"	750021
"STARRED_BONZO_STAFF"	4940898
"CARROT"	750021
"ROOFED_FOREST_ISLAND"	250000
"PET_SKIN_MEGALODON_BABY"	48000000
"EVERSTRETCH_LASSO"	3526196
"PET_SKIN_ELEPHANT_TEAL_PLUSHIE"	58900000
"INFERNAL_KUUDRA_CORE"	406495338
"BONZO_MASK_JESTER"	240000000
"KAT_BOUQUET"	2500000
"PET_SKIN_SHEEP_BLACK_CHROMATIC_CRUSH"	209000000
"EPOCH_CAKE_ORANGE"	3720000
"LUMINOUS_BRACELET"	169420
"CENTURY_PARTY_INVITATION"	400000
"ARMOR_OF_THE_RESISTANCE_BOOTS"	1500000
"TURKEY_BARN_SKIN"	25000000
"ADVENT_CALENDAR_DISPLAY"	34998
"BUILDER_APPLE"	10
"WISE_SHIMMER"	500000000
"PET_SKIN_SILVERFISH_SILBRRRFISH"	12900171
"SALMON_MASK"	7940000
"UNIQUE_RUNE_CROWNED"	39900000
"PET_SKIN_SHEEP_ZODIAC_GOAT"	25000000
"SKELETOR_CHESTPLATE"	65000
"SPEED_WITHER_BOOTS"	1999999
"PET_SKIN_ENDERMAN_XENON"	50000000
"ARMOR_OF_YOG_BOOTS"	330000
"ICE_SPRAY_WAND"	11971556
"HIGH_CLASS_ARCHFIEND_DICE"	30000000
"HEPHAESTUS_REMEDIES"	84375999
"CANOPY_HELMET"	348248
"TALISMAN_ENRICHMENT_STRENGTH"	5039000
"ALL_SKILLS_SUPER_BOOST"	5729467
"NEW_YEAR_CAKE_BAG"	900000
"PET_SKIN_MAMMOTH_VOID"	10899999
"FOOTPRINT_FOSSIL"	150000
"LAVA_TALISMAN"	200000
"UNIQUE_RUNE_FLOWER_CARPET"	17500000
"BAT_RING"	1493251
"PET_SKIN_SCATHA_LUNAR_SNAKE"	419000000
"SKELETON_SOLDIER_CHESTPLATE"	20000
"DRAGON_NEST_TRAVEL_SCROLL"	676598
"SKELETON_SOLDIER_LEGGINGS"	12000
"ENDERMAN;3"	178800
"ENDERMAN;7"	47690056
"ENDERMAN;4"	42015283
"ENDERMAN;2"	5000
"ENDERMAN;1"	20000
"ENDERMAN;0"	5000
"CANOPY_CHESTPLATE"	295000
"YOG_ABLAZE"	970200
"MOOSHROOM_COW;2"	2220000
"MOOSHROOM_COW;0"	333333
"MOOSHROOM_COW;4"	5349000
"MOOSHROOM_COW;3"	2650000
"MOOSHROOM_COW;1"	800000
"SPIDER_SWORD"	25
"NECROMANCER_LORD_CHESTPLATE"	9500000
"EMBER_LEGGINGS"	7200000
"COCO_CHOPPER"	3000000
"UNIQUE_RUNE_AXE_RAINBOW"	37000000
"RABBIT_JERRY_ONESIE"	499000
"CASTLE_BARN_SKIN"	23000000
"JUNGLE_AXE"	20000
"FISHING_ROD-57"	750021
"DYE_COPPER"	11900000
"ZOMBIE_COMMANDER_HELMET"	239998
"PET_SKIN_FROG_BIOME"	48000000
"OCEANDY"	299999
"FARMER_BOOTS"	600000
"CAPSAICIN_EYEDROPS"	6000000
"UNIQUE_RUNE_ANTLERS"	37000000
"WEREWOLF_CHESTPLATE"	560000
"ICE_SOFA"	125
"CHRISTMAS_TREE"	15000
"PET_SKIN_GIRAFFE_WARPED"	11000000
"KUUDRA_SHOP_ITEM"	600000
"RANDOM_CENTURY_CAKE_PACK"	69100000
"INFINI_VACUUM_HOOVERIUS"	7499999
"PET_SKIN_PARROT_BUCCANEER"	18000000
"GLOSSY_MINERAL_LEGGINGS"	28700000
"BEASTMASTER_CREST_RARE"	9900000
"SOULS_REBOUND"	1680000
"SPINOSAURUS;4"	5699000
"PET_SKIN_ROCK_HOLLOW"	10000000
"HANDY_BLOOD_CHALICE"	580000
"MASTER_SKULL_TIER_6"	131793631
"UNIQUE_RUNE_RAINY_DAY"	24800000
"PET_SKIN_GOLDEN_DRAGON_ANUBIS"	299253732
"GLACITE_BOOTS"	15000
"FLOWER_OF_TRUTH"	2740000
"POTION_farming_xp_boost"	100
"STEP-2"	750021
"FIG_CHESTPLATE"	1890000
"BLACK_CAT;4"	44990000
"BLACK_CAT;7"	57731781
"ROOKIE_PICKAXE"	10
"WISE_WITHER_BOOTS"	12400000
"DYE_BINGO_BLUE"	850000000
"WALNUT"	82000
"GRIFFIN_UPGRADE_STONE_EPIC"	13000000
"BREWING_PLUS"	580000
"STRONG_DRAGON_BOOTS"	1895000
"MAGIC_8_BALL"	78000000
"SHINIEST"	800000
"COLOSSAL_EXP_BOTTLE_UPGRADE"	1100000
"FAIRY_LEGGINGS"	40000
"PET_SKIN_MONKEY_LUNAR"	300000000
"PET_ITEM_ALL_SKILLS_BOOST_COMMON"	200000
"SHARK_SCALE_HOODIE_FOX"	23000000
"SOULFLOW_BATTERY"	2100000
"PET_ITEM_FISHING_SKILL_BOOST_UNCOMMON"	30000
"TALBOTS_THEODOLITE"	3000000
"INFINITE_SPIRIT_LEAP"	70000000
"JUNK_TALISMAN"	1449000
"FROZEN_SCYTHE"	2600000
"PET_SKIN_SNOWMAN_ICE_GOLEM"	29000000
"DUNGEON_DISC_1"	99999
"BLAZING_CRIMSON"	93000000
"MYTHOS_CLOAK"	13000000
"CHICK_NEST"	500
"HOLLOW_CHESTPLATE"	57731
"SHRIMP_THE_FISH"	120000
"EXPLOSIVE_BOW"	700000
"DYE_ARCHFIEND"	36000000
"BLOOD_GOD_SIGIL"	12000000
"GIRAFFE;4"	12500000
"GIRAFFE;0"	99000
"GIRAFFE;2"	696969
"GIRAFFE;1"	50000
"GIRAFFE;3"	4710707
"PET_ITEM_COMBAT_SKILL_BOOST_UNCOMMON"	100000
"WATER_HYDRA_DRAGON"	8000000
"ALERT_FLARE"	38185388
"LEATHER_BOOTS-54"	750021
"OLD_DRAGON_HELMET"	450000
"BEASTMASTER_CREST_UNCOMMON"	3399000
"CRYSTAL_HELMET"	890000
"TALISMAN_ENRICHMENT_CRITICAL_DAMAGE"	5000000
"SKELETON_LORD_HELMET"	916364
"ARTIFACT_POTION_AFFINITY"	440000
"ARMOR_OF_MAGMA_CHESTPLATE"	5020000
"METAL_CHESTPLATE"	1180000
"PET_SKIN_SQUID_GLOW"	100000000
"INFERNO_HEAVY_CRUDE_GABAGOOL"	798000
"PET_ITEM_HARDENED_SCALES_UNCOMMON"	740000
"SPIDER_EGG_MIXIN"	170000
"FINWAVE_CLOAK"	17098213
"ANGUISH_TALISMAN"	8853635
"FISHING_ROD-16"	750021
"PET_SKIN_SNAIL_CAKE"	13000000
"RED_ROSE-2"	5
"HOTSPOT_RADAR"	1700000
"AMBER_NECKLACE"	58000000
"RETIA_BASICA"	98000
"PET_SKIN_BEE_WANNA_BEE"	75000000
"BUILDER_BEETROOT"	10
"DYE_PORTAL"	33000000
"IRON_ORE"	3
"HOLY_DRAGON_CHESTPLATE"	1190000
"CONNECT_FOUR"	755400
"VINYL_PRETTY_FLY"	44555
"CRYSTAL_BOOTS"	500000
"FERVOR_HELMET"	100320
"HUB_DA_TRAVEL_SCROLL"	11000000
"PET_SKIN_ENDER_DRAGON_LUNAR"	135999666
"MITHRIL_DRILL_ENGINE"	12437499
"BLOOD_GOD_CREST"	1280000
"BLOOD_DONOR_TALISMAN"	4000
"TERROR_LEGGINGS"	273173
"SCARF_GRIMOIRE"	21387937
"VAMPIRE_WITCH_MASK"	6000000
"JASPER_CRYSTAL"	405000000
"GOBLIN_HELMET_THIEF"	44200000
"STEAMED_CHOCOLATE_FISH"	294999
"HOTSPOT_SINKER"	8261357
"BEE_PERSONALITY"	250000
"UPGRADE_STONE_FROST"	4362472
"RIFT_PRISM"	999998976
"RICH_CHOCOLATE_CHUNK"	199999
"SPRING_BARN_BARN_SKIN"	1690000
"REAPER_CHESTPLATE"	9600000
"ENCHANTED_JACK_O_LANTERN"	523000
"EGGLOCATOR"	6000
"MOON_BLOSSOM_FLUX"	37666666
"PERFECT_HELMET_12"	6460000
"GOBLIN_HELMET_BABY"	38420000
"BASE_CAMP_PORTAL"	10980000
"MYTHOS_HELMET"	4000000
"PUMPKIN_CRAFTING_TABLE"	199999
"PET_SKIN_RAT_KARATE"	66000000
"LAPIS_BLOCK"	9
"INTIMIDATION_ARTIFACT"	2700000
"PHOENIX;3"	33590000
"PHOENIX;4"	103444091
"SLIME_BOW"	1999999
"POTION_adrenaline"	4667
"PESTHUNTERS_CLOAK"	500000
"HEPHAESTUS_RELIC"	198000000
"CROPIE_TALISMAN"	6950000
"PRISMARINE_SINKER"	272500
"EFFICIENT_AXE"	200000
"DYE_SPOOKY"	21500000
"GHOUL_BUSTER"	8772778
"STARRED_SPIRIT_MASK"	27624169
"UNIQUE_RUNE_ICE_SKATES"	146870150
"INFERNO_FUEL_MAGMA_CREAM"	275000
"CELESTE_LEGGINGS"	200000
"ARMADILLO_MASK"	7960000
"TELEPORTER_PILL"	7601528
"TARANTULA_RING"	62000000
"MOLTEN_BRACELET"	876000
"RIFT_COMPLETION_MEMENTO"	2000000
"EPOCH_CAKE_BLACK"	4000000
"BURNING_AURORA_HELMET"	30000000
"TALISMAN_ENRICHMENT_ATTACK_SPEED"	5000000
"TARANTULA_BOOTS"	2210000
"SUPER_HEAVY_LEGGINGS"	55000
"PET_SKIN_RAT_NINJA"	52222224
"JUNGLE_TABLE"	1000
"HOLY_DRAGON_LEGGINGS"	1100000
"FLAMING_CHESTPLATE"	109000
"CHICK_BED"	500
"SILVA_DOMINUS"	300000
"SHRIVELED_BRACELET"	38500000
"NECROMANCER_LORD_BOOTS"	360000
"RUNE_SPIRIT_1"	18000
"RUNE_SPIRIT_3"	888000
"RUNE_SPIRIT_2"	229170
"GOLDEN_APPLE"	8
"UNIQUE_RUNE_GRAND_FREEZING"	135000000
"UMBERELLA"	19500000
"RED_CLAW_ARTIFACT"	13647940
"STARRED_ITEM_SPIRIT_BOW"	5000000
"FESTIVE_SINKER"	197009
"CROCHET_TIGER_PLUSHIE"	470000
"ANITA_ARTIFACT"	11850000
"HYDRO_CAN_1000"	100000
"PET_SKIN_BEE_HIVE"	70000000
"BACKWATER_LEGGINGS"	390000
"ROSETTA_BOOTS"	48000
"PET_SKIN_PENGUIN_BABY_EMPEROR"	35000000
"GOBLIN_HELMET_GOLDEN"	70000000
"MINING_2_PORTAL"	350000
"ABIPHONE_XI_ULTRA"	990000
"BOUQUET_OF_LIES"	18300000
"CAKE_COUNTER"	149000
"PERFECT_LEGGINGS_1"	716800
"SECRET_TRACKER"	650000
"STRONG_DRAGON_CHESTPLATE"	1625680
"ENDER_PORTAL_FRAME"	4000000
"PERFECT_CHESTPLATE_10"	4388796
"THUNDER_STORM_KNIGHT"	23600000
"PET_SKIN_OCELOT_JUNGLE"	74444448
"TRICK_OR_TREAT_BAG"	100000
"CROPIE_BOOTS"	3762136
"GREAT_SPOOK_CLOAK"	500000
"DIVAN_HELMET"	20000000
"POTION_spelunker"	113
"LEATHER_BOOTS-55"	750021
"UNCOMMON_PARTY_HAT"	175000
"HOT_CRIMSON_CHESTPLATE"	9344293
"PERFECTLY_CUT_FUEL_TANK"	91800000
"PERFECT_HELMET_7"	2969616
"WARDEN_ART"	3620000
"INTIMIDATION_RELIC"	13390000
"REVENANT_BOOTS"	720000
"DYE_CELADON"	300000000
"THUNDER_BIKER_AQUA"	27899998
"ROSETTA_CHESTPLATE"	54000
"DYE_ROSE"	32900000
"BURNING_KUUDRA_CORE"	26389000
"BOUNCY_HELMET"	96000
"HEALING_RING"	280000
"OVERFLUX_CAPACITOR"	44500000
"RIFT_WIZARD_TOWER_TRAVEL_SCROLL"	300000
"SCARF_STUDIES"	1200000
"HOE_OF_GREATER_TILLING"	1400000
"PET_SKIN_BEE_BEELOVED"	144000000
"PET_SKIN_MITHRIL_GOLEM_CHERRY_BLOSSOM"	54000000
"TERROR_HELMET"	160440
"MASTIFF_CHESTPLATE"	2700000
"ICHTHYIC_GLOVES"	2312168
"MUSHED_MUSHROOM_MIXIN"	1089000
"GREAT_SPOOK_GLOVES"	1899998
"FULL_CENTURY_CAKE_PACK"	377000000
"SEAL_PERSONALITY"	3000000
"YOUNG_DRAGON_LEGGINGS"	849000
"DYE_PURE_BLACK"	247502009
"SALMON_CHESTPLATE_NEW"	158838
"BEASTMASTER_CREST_EPIC"	33000000
"MINERAL_BOOTS"	800000
"SNIPER_BOW"	60000
"DINGY"	100000
"SKELETON_GRUNT_CHESTPLATE"	56448
"LAPIS_ARMOR_HELMET"	78000
"MAP-14"	750021
"ZOMBIE_LORD_BOOTS"	699000
"SPOOK_THE_FISH"	8592592
"PET_SKIN_SHEEP_PINK_CRUSH"	200000000
"PET_SKIN_RAT_SECURATY_GUARD"	69000000
"MASTIFF_HELMET"	2400000
"PET_SKIN_RABBIT_HOT_COCOA"	17990000
"FINAL_DESTINATION_LEGGINGS"	1400000
"BEE;4"	1866225
"BEE;3"	531356
"BEE;0"	15297
"BEE;2"	299000
"BEE;1"	120000
"BASKETBALL_PERSONALITY"	10000
"PROTECTOR_DRAGON_HELMET"	450000
"SUPERIOR_DRAGON_BOOTS"	5469000
"RED_THORNLEAF_TEA"	1850000
"RUNE_SPARKLING_1"	500
"RUNE_SPARKLING_3"	100000
"RUNE_SPARKLING_2"	7000
"PET_ITEM_COMBAT_SKILL_BOOST_RARE"	850000
"RED_ROSE-1"	5
"ANVIL-1"	750021
"NECROMANCER_LORD_HELMET"	300000
"HEAT_BOOTS"	300000
"DARK_CACAO_TRUFFLE"	155000
"INK_WAND"	9822618
"FROG_MASK"	13600000
"PUMPKIN_BED"	5000
"MONSTER_EGG"	750021
"ENCHANTED_BOOKSHELF"	50000
"VACCINE_ARTIFACT"	10790000
"BLUETOOTH_RING"	2500000
"MOLE;4"	1890000
"NETHER_FORTRESS_BOSS_TRAVEL_SCROLL"	570000
"UNSTABLE_DRAGON_CHESTPLATE"	770000
"MAGMA_CUBE_HEAD"	160
"MOLTEN_NECKLACE"	950000
"DIVER_HELMET"	1740000
"SORROW_CHESTPLATE"	5725674
"PENGUIN_PERSONALITY"	900000
"POTION_critical"	20
"BEACON_4"	22827342
"BLOOD_DONOR_RING"	2399996
"BATTLE_DISC"	48
"SILEX"	1990000
"DIANAS_BOOKSHELF"	71000000
"WITHER_LEGGINGS"	5200000
"VANQUISHED_BLAZE_BELT"	1559453
"SURFBOARD"	500
"LONG_GRASS"	2500000
"STARRED_SHADOW_FURY"	21203630
"BEE_HIVE"	166
"ZOMBIE_COMMANDER_WHIP"	1
"TITANIUM_DRILL_1"	22440000
"GRAVITY_TALISMAN"	25000
"PET_SKIN_WITHER_SKELETON_DESPAIR"	8900000
"ZOMBIE_SOLDIER_BOOTS"	11115
"PET_SKIN_GOLDEN_DRAGON_SWAP_PLUSHIE"	50000000
"FARMING_1_TRAVEL_SCROLL"	393000
"SIGN"	1
"DYE_AQUAMARINE"	239000000
"WEB"	1000
"FLAMEBREAKER_BOOTS"	5000000
"PRISMARINE_NECKLACE"	380000
"PET_SKIN_PHEONIX_FLAMINGO"	23955169
"TREE_THE_FISH"	24000
"PET_SKIN_BLAZE_PLUSHIE"	13888888
"REAPER_LEGGINGS"	9000000
"TOWN_HALL_BARN_SKIN"	280000000
"WITHER_RELIC"	44890000
"ASPIRING_LEAP"	150000
"DAY_CRYSTAL"	360000
"RUNE_SOULTWIST_1"	85000
"RUNE_SOULTWIST_3"	1023585
"RUNE_SOULTWIST_2"	300000
"GEMSTONE_DRILL_4"	47500000
"NUTCRACKER_HELMET"	1190000
"SKYMART_HYPER_VACUUM"	2100000
"NUTCRACKER_LEGGINGS"	1204186
"FLAME_BREAKER_BOOTS"	149404
"DYE_BYZANTIUM"	290000000
"PET_SKIN_TIGER_LUNAR"	439000000
"PET_SKIN_LION_BLACK"	16990000
"QUARTZ_BLOCK-1"	15000
"GREATER_BACKPACK"	400000
"BLOSSOM_BELT"	8900001
"LEATHER_BOOTS-49"	750021
"PET_SKIN_BLAZE_FROZEN"	77000000
"RETIA_ROBUSTA"	500000
"FARM_SUIT_BOOTS"	50
"CATACOMBS_EXPERT_RING"	33000000
"PESTHUNTER_RELIC"	4178999
"PET_SKIN_ELEPHANT_WHITE_PLUSHIE"	66100000
"MITHRIL_BELT"	165000
"STORM_THE_FISH"	264000
"TRAPPER_DEN_PORTAL"	6000000
"LOUDMOUTH_BASS"	5400000
"HOLLOW_BOOTS"	136080
"GREEN_EGG"	65000000
"LEATHER_BOOTS-52"	750021
"CRYOPOWDER_SHARD"	2500000
"JUNGLE_CHAIR"	125
"AQUAMASTER_HYDROMAX"	6999985
"GEM_FLUX"	29999000
"PET_SKIN_ENDERMAN_SUN"	34850000
"PERFECT_HELMET_4"	1700000
"BABY_YETI;3"	2800000
"BABY_YETI;4"	9990000
"BABY_YETI;0"	1000000
"EMBER_FRAGMENT"	800000
"JUNGLE_PICKAXE"	520000
"GOLD_CANDY"	790000
"JASPER_POWER_SCROLL"	1850000
"ZOMBIE_PICKAXE"	15
"SMALL_POOL"	500
"GREAT_SPOOK_ARTIFACT"	50000000
"HAY_BALE"	500
"STARRED_ADAPTIVE_BELT"	1499999
"MAGICAL_WATER_BUCKET"	200
"GREAT_SPOOK_RING"	24999996
"MUSHROOM_BARN_SKIN"	134707738
"BINGO_ARTIFACT"	695070921
"SHADOW_ASSASSIN_HELMET"	960000
"BOUNCY_CHESTPLATE"	95000
"DIRT-5"	750021
"ANCIENT_CLOAK"	2297326
"JUJU_SHORTBOW"	11825685
"SKELETON_LORD_BOOTS"	480000
"FERMENTO_LEAF"	122670000
"MINOS_RELIC"	31999999
"PARK_CAVE_TRAVEL_SCROLL"	24000
"FINAL_DESTINATION_HELMET"	1352500
"ROSEWATER_FLASK"	3997000
"GLOSSY_MINERAL_CHESTPLATE"	29000000
"PET_SKIN_GIRAFFE_BAMBOO"	15000000
"CANDY_TALISMAN"	190000
"UNIQUE_RUNE_SMITTEN"	549000000
"BIOHAZARD_SPACE_BLACK_ICE"	30000000
"TALISMAN_ENRICHMENT_INTELLIGENCE"	4999800
"GIANTS_SWORD"	66528777
"SPIDER_BOOTS"	365000
"DYE_FROG"	25900000
"DWARVEN_HANDWARMERS"	38000000
"BANANA_MONKEY_PERSONALITY"	9000000
"HOLIDAY_CHEST_TEAL_BACKPACK"	220293
"ZOMBIE_LORD_LEGGINGS"	500000
"PET_SKIN_WOLF_ZODIAC"	24500000
"SHARK_PERSONALITY"	1000000
"BERSERKER_CHESTPLATE"	1350000
"POLAR_NIGHTS_POWER_FLUX"	38000000
"FIERY_TERROR_LEGGINGS"	67525560
"SPIDERS_DEN_TOP_TRAVEL_SCROLL"	110
"BEACON_5"	52403142
"BEACHSIDE_RESORT_BARN_SKIN"	110000000
"PET_SKIN_ZOMBIE_BIG_BRAIN"	110000000
"ENCHANTING_PLUS"	100000
"SCATHA;3"	180200496
"SCATHA;2"	107799008
"SCATHA;4"	354200496
"FORGE_PORTAL"	7000000
"PET_ITEM_COMBAT_SKILL_BOOST_EPIC"	7750000
"BURNING_TERROR_LEGGINGS"	30375266
"FEL_SWORD"	700000
"VINYL_WINGS_OF_HARMONY"	36000
"BEAR_CHAIR"	760
"FLAME_BREAKER_CHESTPLATE"	375000
"BLAZE_BOOTS"	1030000
"PROMISING_AXE"	32123
"VILLAGE_TALISMAN"	200
"BUNNY_PERSONALITY"	45834
"VINYL_IMAGINE_DRAGONFLIES"	66000
"MYTHOS_BOOTS"	2800000
"PET_SKIN_CHICKEN_ROAST"	16000000
"CRETAN_URN"	240000
"PET_SKIN_KUUDRA_LOYALTY"	65000000
"CENTURY_MEMENTO_YELLOW"	999000
"FANCY_FLOWER_POT"	10000
"ROTTEN_HELMET"	24000
"SPEEDSTER_LEGGINGS"	1000000
"PET_SKIN_RABBIT_AQUAMARINE"	247008489
"SKELETOR_HELMET"	65000
"POTION_night_vision"	3
"FROZEN_BLAZE_FROST_KNIGHT"	29000000
"STONE_BUTTON"	5
"CHEST"	2
"THEORETICAL_HOE_WHEAT_1"	3200000
"NECRON_HANDLE"	427000000
"BAT_PERSON_LEGGINGS"	1420000
"SNOWFLAKE_THE_FISH"	8950549
"RUNE_DARKNESS_WITHIN_1"	70000
"RUNE_DARKNESS_WITHIN_2"	349999
"RUNE_DARKNESS_WITHIN_3"	1800000
"WOLF;4"	2800000
"WOLF;0"	125000
"WOLF;3"	949999
"SKELETON_LORD_CHESTPLATE"	632727
"PET_SKIN_WOLF_DOGE_PLUSHIE"	33333333
"WILL_O_WISP"	168256721
"EMERALD_RING"	132000
"ETERNAL_FLAME_RING"	24000
"RETIA_MELIORA"	388049
"TITANIUM_DRILL_2"	63950640
"PET_SKIN_CHICKEN_RUBBER"	250000000
"FRUIT_BOWL"	33333
"PET_SKIN_SILVERFISH_FOSSILIZED"	170000000
"PERFECT_LEGGINGS_13"	8459142
"SUPER_HEAVY_BOOTS"	79000
"PET_SKIN_ENDER_DRAGON_SWAP_PLUSHIE"	48950000
"HOT_CRIMSON_HELMET"	9000000
"PET_SKIN_ENDERMAN_BLUE_MOON"	80000000
"BURNING_TERROR_BOOTS"	28000000
"SUPERIOR_DRAGON_HELMET"	7000000
"PET_SKIN_SHEEP_ORANGE"	279999008
"MELON_HELMET"	1500000
"PET_ITEM_EXP_SHARE"	1315862
"LAVA_SHELL_NECKLACE"	5550000
"FARM_ARMOR_LEGGINGS"	250000
"SPONGE_BELT"	279000
"MONSTER_EGG-120"	750021
"EDIBLE_SEAWEED"	117600
"HYPIXEL_CASTLE"	575
"RADIANT_POWER_ORB"	146000
"PRECURSOR_EYE_OCULUS"	54000000
"NIBBLE_CHOCOLATE_STICK"	199000
"PET_SKIN_RAT_SQUEAKHEART"	47510000
"STARRED_SHADOW_ASSASSIN_CHESTPLATE"	8500000
"ANGUISH_ARTIFACT"	57800461
"CROPIE_HELMET"	4000000
"DOLLHOUSE"	500
"ARMOR_OF_MAGMA_HELMET"	4060000
"GEMSTONE_DRILL_3"	22654544
"YOUNG_DRAGON_DRAKE"	33333333
"SNOW_GLOVES"	120000
"GLACITE_LANTERN"	9405533
"MENDER_FEDORA"	1099999
"ELEGANT_TUXEDO_BOOTS"	20000000
"MAP-3"	750021
"MASTIFF_BOOTS"	2180000
"TANK_MINER_CHESTPLATE"	10000
"PET_SKIN_WITHER_SKELETON_JACK_O_LANTERN"	1500000
"LEATHER_BOOTS-46"	750021
"PET_ITEM_SHARPENED_CLAWS_UNCOMMON"	700000
"TITANIUM_PICKAXE"	800000
"PROMISING_PICKAXE"	70000
"HILT_OF_REVELATIONS"	160000
"HEPHAESTUS_URN"	63999000
"ABICASE_BLUE_GREEN"	15900000
"ENDSTONE_CHEST"	500000
"BLAZE_HELMET"	1500000
"SMALL_XTREE"	500
"PERFECT_LEGGINGS_7"	3100000
"THUNDER_BIKER_AZURE"	32000000
"IMPLOSION_BELT"	1492497
"BUILDER_LETTUCE"	10
"PET_SKIN_GLACITE_GOLEM_CAVERN"	34000000
"MANTICORE_CLAW"	65000000
"SHAMAN_SWORD"	775000
"PULSE_RING"	3400000
"TITAN_LINE"	164988000
"CYCLOPS_PERSONALITY"	390000
"THORNS_BOOTS"	3400000
"ENCHANTED_NOOK_BARN_SKIN"	65000000
"PET_SKIN_MONKEY_GOLDEN"	455555552
"EMBER_ROD"	20800000
"BACKPACK_CAULDRON"	7744722
"HYDRO_CAN_TURBO_2000"	990000
"THEORETICAL_HOE_WARTS_3"	30000000
"BLOSSOM_NECKLACE"	13569996
"RECORD_10"	50000
"WATER_HYDRA_HEAD_ICE_HYDRA"	750000
"SUPERIOR_BABY"	3200000000
"POND_ISLAND"	448980
"BAT_PERSON_ARTIFACT"	32800000
"BAT;3"	900000
"BAT;4"	3510000
"BAT;7"	5349999
"BAT;2"	500000
"MEGALODON;4"	3600000
"MEGALODON;3"	500000
"OBSIDIAN_CHESTPLATE"	120000
"RUBY_POWER_SCROLL"	1100000
"GINGERBREAD_VILLAGE_BARN_SKIN"	25000000
"POTION_mana"	2500
"WOLF_FUR_MIXIN"	667000
"RAT;7"	54108366
"RAT;4"	36000
"LOTUS_CLOAK"	1400000
"CELESTE_BOOTS"	190000
"RUNE_RAINBOW_1"	64999
"RUNE_RAINBOW_2"	250000
"RUNE_RAINBOW_3"	998999
"SCOVILLE_BELT"	2490000
"WIZARD_WAND"	28521500
"ZOMBIE_SWORD"	674580
"RUNE_LAVA_1"	100
"RUNE_LAVA_2"	34998
"RUNE_LAVA_3"	88000
"WITCH_HAT"	104000
"GARLAND"	500
"TOKEN_OF_THE_CENTURY"	210000
"PERFECT_FORGE"	307329984
"STARRED_SHADOW_ASSASSIN_CLOAK"	3900000
"SHATTERED_PENDANT"	649999999
"HIVE_BARN_SKIN"	12468751
"INFERNAL_CRIMSON_LEGGINGS"	260658064
"ZOMBIE_SOLDIER_CUTLASS"	1
"BLAZE_BELT"	198000
"RABBIT_LEGGINGS"	388888
"STARFALL_SEASONING"	1912814
"PET_ITEM_FORAGING_SKILL_BOOST_EPIC"	7000000
"DEFUSE_KIT"	3000
"FLAME_BREAKER_LEGGINGS"	114580
"TITANIUM_BELT"	3600000
"PET_SKIN_SKELETON_PEARL"	21000000
"PERFECT_BOOTS_2"	818000
"FESTIVE_JERRY_PERSONALITY"	1980000
"ARCHAIC_SPADE"	6499999
"REAPER_SCYTHE"	22724077
"BONZO_STATUE"	4434421
"HANGING_REAPER"	70000
"SPEED_WITHER_CHESTPLATE"	11900000
"SPEEDSTER_BOOTS"	590000
"THREE_STONE_JERRIES_BARN_SKIN"	29062500
"ZOMBIE_KNIGHT_HELMET"	80000
"RECALL_POTION"	100000
"DYE_KINGFISHER"	19700000
"COW_HEAD"	80
"TITANIUM_DRILL_3"	140213005
"TOP_OF_SPIDERS_DEN_PORTAL"	5500000
"PROTECTOR_DRAGON_DRAKE"	21270000
"ENDERMITE;7"	4999000
"ENDERMITE;0"	280000
"ENDERMITE;4"	3297746
"ENDERMITE;3"	1000000
"WAND_OF_RESTORATION"	1920000
"PET_SKIN_ARMADILLO_ARMARON"	16000000
"SAPPHIRE_CLOAK"	60000000
"BOOK"	12
"HEAT_CORE"	2950000
"WEREWOLF_WOLF_PACK"	32000000
"STARRED_LAST_BREATH"	8000000
"FIG_LEGGINGS"	1999987
"HASTE_BLOCK"	1562
"GOLDEN_APPLE_FLUX"	29500000
"PET_SKIN_RAT_HIDE_AND_SQUEAK"	700000
"WITCH_RING"	13500000
"INFERNO_HYPERGOLIC_CRUDE_GABAGOOL"	4600000
"PURPLE_GIFT_TALISMAN"	1200000
"DYE_SECRET"	230000000
"SORROW_LEGGINGS"	5081880
"WISE_DRAGON_HELMET"	967534
"HOT_CHOCOLATE"	20000
"STARRED_BONZO_MASK"	1579760
"ROBOT_PERSONALITY"	8500000
"GEMSTONE_DRILL_2"	9398722
"OOPS_THE_FISH"	5000000
"CANDLE_TABLE"	20000
"TRAPPER_DEN_TRAVEL_SCROLL"	2600000
"ARROW_SWAPPER"	50000
"FARMING_TALISMAN"	75
"COIN_TALISMAN"	350
"ROCK;2"	500000
"ROCK;3"	2497500
"ROCK;4"	10000000
"ROCK;1"	50000
"ROCK;0"	15000
"SUNFLOWER_OIL"	49851
"STOCKING"	500
"PET_SKIN_GIRAFFE_CHERRY"	18000000
"GARDEN_SCYTHE"	414000
"FORAGING_2_PORTAL"	100000
"COUNTRY_GREENHOUSE_SKIN"	11666666
"WATER_TROUGH"	270000
"LESSER_ORB_OF_HEALING"	99000
"FINAL_DESTINATION_ENDER_KNIGHT"	63000000
"GIANT_CLEAVER"	5913300
"PET_SKIN_REINDEER_PLUSHIE"	30000000
"DYE_JADE"	280000000
"MINI_SANDCASTLE"	247543
"DWARF_TURTLE_SHELMET"	299000
"EMERALD_ARMOR_LEGGINGS"	1160000
"PERFECT_LEGGINGS_4"	1900000
"ICE_CUBE"	83000
"WITHER_GOGGLES_CYBERPUNK"	645000000
"PET_SKIN_ELEMENTAL_FIRE_SPIRIT"	23500000
"PULPOUS_ORANGE_JUICE"	1000
"FLOWER_POT_ITEM"	500
"SNORKELING_HELMET"	300000
"LEATHER_BOOTS-50"	750021
"ARMOR_OF_MAGMA_BOOTS"	3600000
"POTION_strength"	3
"MELON_CHESTPLATE"	2400000
"PET_SKIN_TURTLE_SHELL_SHULKED"	26000000
"SHADOW_ASSASSIN_LEGGINGS"	3500000
"MYTHOS_FRAGMENT"	30000000
"SPORE_HARVESTER"	364000
"PAINTERS_PALETTE"	3760000
"AURORA_LEGGINGS"	116866
"SALMON_HELMET_NEW"	95000
"MOLTEN_BELT"	870000
"FRACTURED_MITHRIL_PICKAXE"	68888
"UNSTABLE_SHIMMER"	405000000
"BIOHAZARD_BOOTS"	650000
"SILENCE_BLOCK"	339000
"PET_SKIN_SHEEP_BLUE_CRUSH"	188240000
"REKINDLED_EMBER_BURNING"	24500000
"PET_SKIN_PIGMAN_ZODIAC_PIG"	24500000
"SLIME_HAT"	20
"PET_SKIN_ENDER_DRAGON_BABY_BLUE"	74900000
"AURORA_BOOTS"	113280
"SPIRIT_SWORD"	2800000
"CHALLENGER_NECKLACE"	1000000
"ALPHA_PICK"	19550000
"STARRED_GLACIAL_SCYTHE"	35000000
"REAPER_RED_ONI_MASK"	38780000
"DIRT-7"	750021
"BINGO_TALISMAN"	72900000
"TORCH"	1
"REANIMATED_PAINTING"	90000
"SADDLE"	750021
"STARRED_SHADOW_ASSASSIN_HELMET"	2000000
"GOLD_PLATE"	6
"GINGERBREAD_PERSONALITY"	500
"HARDENED_DIAMOND_CHESTPLATE"	107000
"GOLDEN_CARROT"	20
"LEASH"	40
"LARGE_SCAFFOLDING"	1845028
"DULL_SHARK_TOOTH_NECKLACE"	400000
"HELIANTHUS_LEGGINGS"	84877598
"PET_SKIN_JERRY_MUMMY"	11799000
"BURSTSTOPPER_ARTIFACT"	106295540
"CRYSTAL_CHESTPLATE"	1400000
"EPOCH_CAKE_WHITE"	2740000
"RAZOR_SHARP_SHARK_TOOTH_NECKLACE"	7650042
"SNOWMAN_MASK"	1200000
"PET_SKIN_ELEPHANT_PURPLE"	770000000
"PET_SKIN_ELEMENTAL_EARTH_SPIRIT"	53703704
"BLUE_GIFT_TALISMAN"	900000
"DANGER_2_TRAVEL_SCROLL"	679000
"PET_SKIN_CHICKEN_CHICK_BLUE"	34000000
"REKINDLED_EMBER_HELMET"	840000
"CROPIE_LEGGINGS"	7781621
"CARNIVAL_MASK_BAG"	4380000
"REAPER_SPECTRE"	41000000
"DYE_CHOCOLATE"	350000
"SNAIL;4"	5249999
"SNAIL;0"	500000
"SNAIL;3"	2350000
"EPOCH_CAKE_BLUE"	3000000
"RUNE_AXE_FADING_WHITE_1"	80000
"RUNE_AXE_FADING_WHITE_3"	1470000
"RUNE_AXE_FADING_WHITE_2"	666666
"BUCKET_OF_DYE"	624000
"CHALLENGE_ROD"	1000000
"HOE_OF_GREATEST_TILLING"	2620000
"BEASTMASTER_CREST_LEGENDARY"	77500000
"MINING_1_TRAVEL_SCROLL"	399998
"WILTED_BERBERIS_BUNCH"	100000
"DYE_NADESHIKO"	160000000
"PET_SKIN_SCATHA_DARK"	62400000
"TALL_NUTCRACKER"	150000
"CLOWNFISH_CLOAK"	300000
"THUNDER_IN_A_BOTTLE_EMPTY"	200000
"MATRIARCH_PARFUM"	899000
"WEATHER_STICK"	69000
"GUARDIAN;7"	6614623
"GUARDIAN;1"	11111
"GUARDIAN;4"	290000
"GUARDIAN;3"	100000
"GUARDIAN;0"	12000
"GUARDIAN;2"	30000
"STRONG_DRAGON_LEGGINGS"	2800000
"PATIO_STOOL"	23333
"LUSHLILAC_BONBON"	50000
"PET_SKIN_MITHRIL_GOLEM_CRYSTAL"	46120000
"ARACHNE_CRYSTAL"	200000
"POTION_spirit"	19900
"SCARECROW"	500
"CHARMINIZER"	2500000
"VAMPIRE_MASK"	2888000
"PET_SKIN_GLACITE_GOLEM_CRYSTAL"	17190000
"DWARVEN_MINES_PORTAL"	8000000
"SCORPION_FOIL"	19890000
"DYE_DARK_PURPLE"	170000000
"DYE_AURORA"	25800000
"HOT_CHOCOLATE_AND_COOKIES"	500
"FROZEN_AMULET"	15500000
"CANDY_THE_FISH"	1600000
"POTATO_TALISMAN"	24600000
"ENDER_DRAGON;3"	149212619
"ENDER_DRAGON;4"	447044149
"CHEAP_TUXEDO_LEGGINGS"	980000
"PET_SKIN_CROW_SNOW"	59000000
"PET_SKIN_BAT_SUGAR_GLIDER"	9625920
"BACKWATER_BELT"	500000
"END_STONE_SWORD"	164500
"PET_SKIN_GOBLIN_ONYX"	11300000
"TITANIUM_DRILL_4"	235291713
"PET_SKIN_ELEPHANT_PURPLE_PLUSHIE"	64000000
"PET_SKIN_BLACK_CAT_CARDBOARD_BOX"	9999666
"GOLD_SPADE"	55
"REPELLING_CANDLE"	100000
"WAND_OF_ATONEMENT"	6615807
"FERMENTO_ARTIFACT"	38600000
"STARRED_VENOMS_TOUCH"	2200000
"REVENANT_LEGGINGS"	670000
"PET_ITEM_FISHING_SKILL_BOOST_EPIC"	3500000
"PET_SKIN_OCELOT_PANTHER"	13000000
"ZOMBIE_COMMANDER_BOOTS"	139299
"HORSE;0"	199999
"HORSE;1"	310000
"HORSE;3"	477777
"HORSE;4"	1499000
"HORSE;2"	477777
"STONE_CHESTPLATE"	237000
"SATIN_TROUSERS"	199999
"MERCENARY_CHESTPLATE"	216000
"SPONGE_LEGGINGS"	826510
"GOLDEN_ANCIENT_EGG_FLUX"	29000000
"ZOMBIE_LORD_CHESTPLATE"	480000
"SMALL_BACKPACK"	35000
"OCELOT;3"	1580000
"OCELOT;4"	2749999
"OCELOT;0"	84999
"OCELOT;1"	258888
"PEST_VEST"	5990000
"CRACKED_PIGGY_BANK"	290000
"LEATHER_BOOTS-51"	750021
"GOLD_GIFT_TALISMAN"	9250000
"PET_SKIN_SNOWMAN_COOKIE_SANDWICH"	15500000
"RUNIC_STAFF"	749000
"SLUG_BOOTS"	17500
"LOTUS_NECKLACE"	898800
"PERFECT_BOOTS_6"	2457656
"HOLIDAY_CHEST_GREEN_BACKPACK"	380000
"BIOHAZARD_SPACE_RED"	32333333
"GOLDEN_APPLE-1"	20700
"SHARD_OF_THE_SHREDDED"	10200000
"VERMIN_PEST_TRAP"	4299999
"INFERNAL_TERROR_CHESTPLATE"	235209024
"PET_SKIN_ELEMENTAL_WATER_SPIRIT"	23999900
"SCARF_THESIS"	5999999
"GEMSTONE_DRILL_1"	4350000
"THORNLEAF_SCYTHE"	667000
"MUMMY_CANDLE"	500
"DIVAN_PENDANT"	746634194
"RUNE_SNAKE_1"	16000
"RUNE_SNAKE_2"	392000
"RUNE_SNAKE_3"	2095000
"AGARICUS_CHUM_CAP"	40000
"VOODOO_DOLL"	2199998
"HARDENED_DIAMOND_BOOTS"	100000
"RED_CLAW_TALISMAN"	7000000
"CARROT_BED"	499
"GLACITE_GOLEM;3"	11210000
"GLACITE_GOLEM;4"	28427544
"GLACITE_GOLEM;2"	4876774
"GLACITE_GOLEM;0"	510000
"GLACITE_GOLEM;1"	2000000
"INFERNAL_TERROR_BOOTS"	238367647
"PET_ITEM_FISHING_SKILL_BOOST_RARE"	360000
"WARDEN_HELMET"	94456160
"BUCKET"	20
"PINA_COOLADA_BARN_SKIN"	42000000
"PET_SKIN_SNOWBALL_SPIRIT"	1000000
"FISH_THE_FISH"	2100000
"LEATHER_BOOTS-44"	750021
"STINGY_SINKER"	4199988
"EGG_PILE"	500
"ABIPHONE_FLIP_PLUS_CLOCKWORK"	92000000
"PET_SKIN_SHEEP_PURPLE_CRUSHED"	244000000
"EMERALD_CHEST"	120000
"DANTE_TALISMAN"	5800000
"HEAVY_CHESTPLATE"	55714
"MASTER_SKULL_TIER_1"	659997
"RUNE_HOT_1"	99
"RUNE_HOT_2"	5000
"RUNE_HOT_3"	130000
"SNOWGLOBE"	25000
"PET_SKIN_TIGER_LOAF_CAT_ORANGE"	8000000
"PRICELESS_THE_FISH"	265000000
"BOTANICAL_GREENHOUSE_SKIN"	9900000
"PRESSURE_RING"	3490000
"HARDENED_DIAMOND_LEGGINGS"	100000
"MACHINE_GUN_BOW"	12000
"POLAR_LIGHTS_FLUX"	125000000
"PET_SKIN_MOOSHROOM_ZODIAC_OX"	23000000
"CURSUS_FERAE"	1290000
"PUMPKIN_DICER_3"	17950000
"REINFORCED_CHISEL"	15700000
"PARTY_HAT_CRAB"	17000000
"PET_SKIN_PARROT_TOUCAN"	55732072
"DYE_PEARLESCENT"	57770000
"NETHER_BIOME_STICK"	2560
"FLAME_BREAKER_HELMET"	119000
"PET_SKIN_LION_PLUSHIE"	46000000
"LATTICE_BENCH"	500
"PET_SKIN_TARANTULA_PINK"	55000000
"PET_ITEM_TIER_BOOST"	143000000
"FORAGING_3_PORTAL"	274000
"RED_CLAW_EGG"	700000
"FARMING_1_PORTAL"	348250
"POTION_jump_boost"	3
"LAPIS_PICKAXE"	200000
"BABYSEAL_BACKPACK"	13000000
"ABICASE_BLUE_BLUE"	16699999
"PET_SKIN_KUUDRA_ABYSSAL"	2000000
"GIFT_GOLD_BACKPACK"	1100000
"STONE"	5
"FARMING_2_PORTAL"	300000
"MAGICAL_LAVA_BUCKET"	169000
"MITHRIL_COAT"	277000
"TITANIUM_RELIC"	25999000
"SHEEP;2"	675001
"SHEEP;4"	3000000
"SHEEP;3"	1839000
"SHEEP;1"	255109
"SHEEP;0"	130000
"PERFECT_CHISEL"	45235674
"PET_SKIN_WOLF"	110000000
"AXE_OF_THE_SHREDDED"	62578760
"POTION_wisp_ice"	60000
"TANK_WITHER_CHESTPLATE"	12000000
"SPOOKY_CHESTPLATE"	1200000
"DYE_LAVA"	16000000
"STAINED_CLAY-9"	2
"WITHER_ARTIFACT"	30000000
"ICE_FIREPLACE"	16000
"SHADOW_ASSASSIN_CRIMSON"	50000000
"BLAZETEKK_HAM"	981481
"TACTICIAN_SWORD"	250000
"DUMPSTER_DIVER"	56000000
"ZOMBIE_KNIGHT_SWORD"	34497
"TARANTULA_LEGGINGS"	1768202
"FANCY_TUXEDO_CHESTPLATE"	5853333
"SPONGE_SINKER"	149999
"NUTCRACKER"	500
"YOUNG_DRAGON_CHESTPLATE"	798000
"DECENT_AXE"	1499999
"GHAST_CLOAK"	400000
"STONE_AXE"	2
"ABIPHONE_XII_MEGA"	1200000
"THUNDER_BOOTS"	799999
"FLINT_SHOVEL"	50
"DECENT_COFFEE"	187000
"POLISHED_TOPAZ_ROD"	5868065
"GROWTH_HELMET"	1300000
"PROTECTOR_DRAGON_CHESTPLATE"	649999
"DIRT_ROD"	73633855
"ZOMBIE_SOLDIER_HELMET"	29849
"EMERALD_ARMOR_CHESTPLATE"	1250000
"GLOOMLOCK_GRIMOIRE"	3999000
"SEAL_RING"	19700000
"RABBIT_HAT"	172500
"MOONGLADE_ARTIFACT"	1350000
"GROWTH_LEGGINGS"	1931178
"ANTIQUE_REMEDIES"	275000
"IRON_SPADE"	6
"PRECURSOR_DRONE;0"	3790000
"SNORKELING_BOOTS"	200000
"ARMOR_OF_YOG_CHESTPLATE"	330000
"CRIMSON_CHESTPLATE"	296098
"MEDIOCRE_FISH_DRAWING"	9800000
"PERFECT_HELMET_11"	5999999
"STEP-8"	750021
"NETHER_ARTIFACT"	25500000
"UNIQUE_RUNE_SPELLBOUND"	155000000
"INFERNO_FUEL_GLOWSTONE_DUST"	453333
"PARROT;4"	18500000
"PARROT;3"	2400000
"TURTLE;4"	14211040
"TURTLE;3"	795999
"FARM_ARMOR_BOOTS"	154800
"FERVOR_CHESTPLATE"	39051
"TUTTI_FRUTTI_POISON"	500
"GHOUL;4"	1788888
"GHOUL;3"	70000
"TALISMAN_ENRICHMENT_MAGIC_FIND"	5000000
"PERFECT_CHESTPLATE_11"	4990000
"BEAR_BOOKSHELF"	250
"TRAINING_WEIGHTS"	1
"PET_SKIN_GRIFFIN_BALD_EAGLE"	13843333
"PANDA_SPIRIT"	179990000
"VANQUISHED_GHAST_CLOAK"	3472137
"RUNE_ICE_3"	1
"RUNE_ICE_1"	2
"RUNE_ICE_2"	5000
"SCARECROW_PERSONALITY"	350000
"DITTO_BLOB"	550000
"CHAINMAIL_HELMET"	50
"IRON_AXE"	20
"FERMENTO_LEGGINGS"	35016258
"PAINT_CARTRIDGE"	787000
"GEMSTONE_GAUNTLET"	15013096
"ABICASE_BLUE_AQUA"	15852761
"ICE_KNIGHT_STATUE"	500000
"FLOWER_POT_BARN_SKIN"	27950000
"DARK_PEBBLE"	45000
"CHICKEN_COOP"	800000
"MITHRIL_DRILL_1"	5680000
"TEPID_GREEN_TEA"	10000
"BOUNCY_LEGGINGS"	98999
"SNOW_CANNON"	150000
"HELIANTHUS_RELIC"	161311334
"WISE_DRAGON_DRAKE"	34500000
"CANDY_RING"	400000
"POWER_WITHER_CHESTPLATE"	17499000
"MITHRIL_GOLEM;3"	1404133
"MITHRIL_GOLEM;4"	2586000
"MITHRIL_GOLEM;2"	620000
"MITHRIL_GOLEM;7"	5179525
"MITHRIL_GOLEM;0"	50000
"MITHRIL_GOLEM;1"	401926
"ASPECT_OF_THE_DRAGON"	1649999
"BINGO_DISPLAY"	20000000
"BURNING_CRIMSON_CHESTPLATE"	28516667
"SQUIRE_SWORD"	198999
"EMERALD_ARMOR_BOOTS"	900000
"PET_SKIN_SHEEP_BLUE"	316055863
"TALISMAN_ENRICHMENT_HEALTH"	4833333
"PARTY_HAT_CRAB_ANIMATED"	10000000
"SILVER_FANG"	222000
"GHOST_PERSONALITY"	183683
"MELON_SEEDS"	1
"CHICK_TEA_TABLE"	500
"FIERY_CRIMSON_CHESTPLATE"	85572172
"GABAGOEY_MIXIN"	899000
"DIVER_BOOTS"	1740000
"SHARK_SCALE_HOODIE_SEAL"	22900000
"TRUE_WARDEN"	729000000
"CHEAP_TUXEDO_CHESTPLATE"	752160
"PET_SKIN_BEE_BEEDAZZLED"	85000000
"DIRT_BOTTLE"	300000
"FILET_O_FORTUNE"	129000
"EGG_HUNT"	600
"GLOWSTONE_GAUNTLET"	100000
"PET_ITEM_IRON_CLAWS_COMMON"	750000
"PET_SKIN_TARANTULA_GREENBOTTLE"	83750000
"SAPPHIRE_POLISHED_DRILL_ENGINE"	91540000
"HUB_CRYPTS_PORTAL"	5760000
"PET_SKIN_ELEPHANT_BLUE_PLUSHIE"	73263006
"GLOSSY_MINERAL_TALISMAN"	29549056
"SHINY_ORB"	37
"RUNE_AXE_FADING_GREEN_3"	3674987
"RUNE_AXE_FADING_GREEN_1"	190000
"RUNE_AXE_FADING_GREEN_2"	1049996
"DIAMOND_PICKAXE"	96000
"CROPIE_CHESTPLATE"	8490000
"MAP-4"	710000
"WAND_OF_HEALING"	78000
"PET_SKIN_CAT_SPACE_KITTY"	42000000
"PET_SKIN_ELEMENTAL_AIR_SPIRIT"	31000000
"FRENCH_BREAD"	117966332
"AUTOPET_RULES_2"	20800000
"GREAT_SPOOK_BOOTS"	688000
"DYE_WARDEN"	67000000
"INFERNO_FUEL_CRUDE_GABAGOOL"	500000
"SANTA_PERSONALITY"	383
"RUNE_DRAGON_1"	224500
"RUNE_DRAGON_3"	3999000
"RUNE_DRAGON_2"	1300000
"BEACH_CHAIR"	5000
"BURNING_AURORA_LEGGINGS"	26393262
"PRESSURE_ARTIFACT"	7778859
"PET_SKIN_LION_LIONESS_NEW"	40000000
"GOLDOR_CELESTIAL"	4000000000
"CHILLED_PRISTINE_POTATO"	200000
"MASTER_SKULL_TIER_5"	33299468
"PET_SKIN_ENDER_DRAGON_BABY"	45000000
"AGARIMOO_RING"	1890000
"POTION_healing"	20000
"WOOL-5"	2
"MOBY_DUCK"	2600000
"HYPERION"	478000000
"COPPER_RING"	26572222
"ENDSTONE_ROSE"	4800
"PET_SKIN_BEE_HONEY"	100000000
"SUPERIOR_DRAGON_DRAKE"	39000000
"BLAZE;3"	10439000
"BLAZE;4"	16999998
"BLAZE;0"	424000
"BLAZE;1"	1280000
"BLAZE;2"	4000000
"RUNE_MUSIC_1"	4000000
"RUNE_MUSIC_3"	40000000
"RUNE_MUSIC_2"	13990000
"ABIPHONE_XIV_ENORMOUS"	22000000
"SPOOKY_HELMET"	1820000
"WINTER_ISLAND"	360000
"EMERALD_ARTIFACT"	138245126
"MINION_STORAGE_EXPANDER"	1370000
"AURORA_HELMET"	68454
"INFINITE_SUPERBOOM_TNT"	36000000
"PET_SKIN_RABBIT_ZODIAC"	25000000
"BEACON_1"	750000
"ANVIL-2"	750021
"DYE_PURE_YELLOW"	118376840
"VOODOO_DOLL_WILTED"	19000000
"DYE_NYANZA"	50000000
"ARTIFACT_OF_CONTROL"	1908989952
"POTION_pet_luck"	169
"HUNTER_RING"	52549057
"ORNATE_ZOMBIE_SWORD"	1050000
"DIVAN_LEGGINGS"	21100000
"LUSH_TALISMAN"	100000
"SHADOW_ASSASSIN_ADMIRAL"	65000000
"DUST_THE_FISH"	3000000
"WINTER_HOMESTEAD_BARN_SKIN"	965000000
"BURNING_TERROR_CHESTPLATE"	23742932
"POOCH_SWORD"	10299000
"CENTURY_MEMENTO_GREEN"	999999
"PET_SKIN_DRAGON_PASTEL"	170123457
"TREASURE_HOOK"	35000000
"PRIMORDIAL_EYE"	160000000
"BUNNY_BENCH"	500
"UNIQUE_RUNE_BLOOMING"	45000000
"PORTALIZER"	2940000
"BUILDER_ONION"	50
"HYPER_CATALYST_UPGRADE"	310000
"SOUL_WHIP"	7995000
"PET_SKIN_SHEEP_CHROMA_WOOLY"	195000000
"SPINE_FOSSIL"	198000
"PET_ITEM_SPOOKY_CUPCAKE"	60000
"HEAVY_HELMET"	19332
"WITCH;1"	8870000
"WITCH;3"	98271229
"WITCH;4"	249000000
"WITCH;0"	6500000
"WITCH;2"	32466666
"SECRET_DUNGEON_REDSTONE_KEY"	250000000
"DOUBLE_PLANT"	2
"GLOSSY_MINERAL_HELMET"	28900000
"PERFECT_HELMET_9"	5000000
"THEORETICAL_HOE_CANE_3"	28990000
"WEAPON_RACK"	499
"DOUBLE_ICE_CREAM_FLUX"	36900000
"BOAT"	5
"BUNDLED_SNOWMAN"	500
"RUNE_ZOMBIE_SLAYER_1"	5000
"RUNE_ZOMBIE_SLAYER_2"	5000
"MAGMA_LORD_CHESTPLATE"	37000000
"TUNGSTEN_KEYCHAIN"	88900000
"TAVERN_BARN_SKIN"	7000000
"TANK_MINER_LEGGINGS"	9000
"EPOCH_CAKE_PURPLE"	2700000
"YULE_LOG"	250000
"FERVOR_LEGGINGS"	91111
"PET_SKIN_BAL_INFERNO"	69316666
"FROZEN_BLAZE_LEGGINGS"	5115867
"SHADOW_ASSASSIN_BOOTS"	135000
"STEP-13"	750021
"HEAT_HELMET"	640000
"SPONGE_BOOTS"	669500
"STRETCHING_STICKS"	10000
"DYE_PELT"	176696976
"PET_SKIN_BLACK_CAT_LOAF_CAT_BLACK"	9500000
"STONE_HOE"	10
"DCTR_SPACE_HELM"	410000000
"HONED_SHARK_TOOTH_NECKLACE"	770000
"FISHING_1_PORTAL"	7333333
"RUNE_ENCHANT_1"	3300000
"RUNE_ENCHANT_2"	11000000
"RUNE_ENCHANT_3"	38362005
"GLACIAL_WISP;3"	58951000
"YETI_SWORD"	19999999
"PENGUIN;4"	5269960
"SQUID;4"	19107315
"SQUID;3"	3392454
"SQUID;1"	85000
"SQUID;2"	866996
"RUNE_BITE_1"	1000
"RUNE_BITE_3"	350000
"RUNE_BITE_2"	94999
"RUNAANS_BOW"	564999
"VINYL_RODENT_REVOLUTION"	36000
"JERRY_TALISMAN_BLUE"	11500000
"BAT_PERSON_HERO"	998998
"MOUSE_PEST_TRAP"	1000000
"DEIFIC_SPADE"	48000000
"SKELETON_MASTER_CHESTPLATE"	42000
"SHIMMERING_LIGHT_SLIPPERS"	6732325
"SPIDER_QUEENS_STINGER"	700000
"ABIPHONE_X_PLUS_SPECIAL_EDITION"	250000
"HOT_AURORA_CHESTPLATE"	8254154
"BLOSSOM_CLOAK"	16849988
"BAT_TALISMAN"	500000
"BONZO_STAFF"	3972632
"RING_POTION_AFFINITY"	239998
"LION;2"	1649999
"LION;4"	21108988
"LION;3"	4036040
"LION;1"	299000
"LION;0"	199999
"AUTO_RECOMBOBULATOR"	10489999
"TITANIUM_TALISMAN"	1349999
"FARMER_ORB"	180000
"DARK_CLAYMORE"	167000000
"PET_SKIN_ELEPHANT_PINK_PLUSHIE"	65000000
"BUILDER_BANANA_BUNCH"	10
"ENCHANTED_TIME_CLOCK"	105937583
"PET_SKIN_OCELOT_RACOON"	33000000
"ZOMBIE_HEART"	270000
"PET_SKIN_ZOMBIE_SENTINEL"	89990000
"ZOMBIE_LEGGINGS"	250000
"PERFECT_CHESTPLATE_4"	1966000
"POTATO"	750021
"MYSTERIOUS_PACKAGE"	777000
"SLUG;4"	5000000
"SLUG;3"	850000
"OLD_DRAGON_DRAKE"	27399117
"SLAYER_ENERGY_DRINK"	50000
"CHALLENGER_HELMET"	1200000
"JUMBO_BACKPACK_UPGRADE"	3900000
"SINSEEKER_SCYTHE"	6500000
"BLAZETEKK_HAM_RADIO"	59816864
"GILLSPLASH_BELT"	46490000
"POTION_alchemy_xp_boost"	230
"EPOCH_CAKE_YELLOW"	3000000
"JERRY_TALISMAN_PURPLE"	57800000
"RABBIT_HUTCH"	77777
"PET_SKIN_JERRY_HANDSOME"	15770000
"CHEAP_TUXEDO_BOOTS"	900000
"ENDER_PLUS"	771600
"WATER_BUCKET"	20
"SKELETON_GRUNT_HELMET"	35998
"WATER_HYDRA_BABY"	9710184
"BEACON_2"	3600000
"FLOWER_BED"	500
"EXPERIENCE_ARTIFACT"	1100000
"STORM_CELESTIAL"	1000000000
"PRISMARINE_BLADE"	194994
"CROWN_OF_AVARICE"	275912400
"SEA_CREATURE_RING"	250000
"LUNAR_RABBIT_HAT"	37500000
"HAPPY_SNOWMAN"	19999
"LOVELY_PICNIC_BARN_SKIN"	59000000
"DIAMOND_BLOCK"	156
"GRINCH_PERSONALITY"	500
"TREECAPITATOR_AXE"	149000
"CHUMMING_TALISMAN"	498000
"PET_SKIN_AMMONITE_HERMIT_PAUA_SHELL"	23500000
"SHINY_SHARD"	49950000
"PET_ITEM_MINING_SKILL_BOOST_UNCOMMON"	14000
"THE_PRIMORDIAL"	251000000
"FIERY_AURORA_BOOTS"	79984400
"FROG_BARN_SKIN"	339000000
"GINGERBREAD_HOUSE"	350000
"WEIRD_TUBA"	4512401
"PET_SKIN_MONKEY_SOCK"	12800000
"KUUDRAS_LUNG"	110801769
"STONE_SPADE"	5
"YELLOW_FLOWER-12"	750021
"RAGNAROCK_AXE"	690000
"WIZARD_TOWER_PORTAL"	5000000
"POTION_stun"	122
"SEAL_TALISMAN"	7000000
"PET_SKIN_ROCK_SWEATING"	30000000
"DAEDALUS_AXE"	9399999
"HEAVY_BOOTS"	43999
"HEPHAESTUS_ANVIL"	83999992
"DYE_CYCLAMEN"	64348821
"SKELETON_TALISMAN"	50
"PARTY_BELT"	1444444
"HOLLOW_WAND"	675000
"DANGER_3_PORTAL"	200000
"TANK_WITHER_BOOTS"	2200000
"DYE_OASIS"	16500000
"DYE_FOREST"	15500000
"ATOMINIZER"	1912451
"THEORETICAL_HOE"	13000000
"FIERY_AURORA_CHESTPLATE"	81007840
"HOT_CRIMSON_BOOTS"	9085093
"MELON_BARN_SKIN"	27500000
"DYE_CARMINE"	153000000
"FAIRY_BACKPACK"	10000000
"GYROKINETIC_WAND"	26103950
"UNIQUE_RUNE_PEAFOWL"	32990000
"THUNDER_LEGGINGS"	999998
"INFINI_VACUUM"	4800000
"VITAMIN_LIFE"	340000
"GLACITE_HELMET"	1750
"REKINDLED_EMBER_CHESTPLATE"	1390000
"CLOWNFISH_HAT"	100000
"MERCENARY_KNIGHT"	887999
"TARANTULA;4"	1732000
"TARANTULA;7"	5000000
"TARANTULA;3"	120000
"ELEGANT_TUXEDO_LEGGINGS"	20000000
"LAST_BREATH"	6750000
"BIOHAZARD_HELMET"	780000
"FROZEN_BLAZE_ICEBERG"	145000000
"BEJEWELED_COLLAR"	2444444
"VENOMS_TOUCH"	900000
"SAND-5"	750021
"MOONGLADE_RING"	478593
"THEORETICAL_HOE_CANE_2"	5000000
"FIERY_TERROR_BOOTS"	74439608
"FESTIVE_SKELETON_PERSONALITY"	120000
"BLAZE_LEGGINGS"	2000000
"ROSETTA_HELMET"	120000
"INFERNAL_AURORA_CHESTPLATE"	214217232
"PET_SKIN_WHALE_COSMIC"	27600000
"COLD_ONES"	17000
"NECRONS_LADDER"	83800000
"HOLIDAY_CHEST_RED_BACKPACK"	366666
"SQUID_BOOTS"	90000
"MENDER_HELMET"	199998
"PET_SKIN_PARROT_GOLD_MACAW"	121666666
"REAPER_ONI_MASK"	103000000
"MUSHROOM_LEGGINGS"	14
"ZOG_ANVIL"	3999999
"CHALLENGER_LEGGINGS"	650000
"CARROT_TABLE"	500
"DANGER_3_TRAVEL_SCROLL"	349000
"JUDGEMENT_CORE"	168900000
"SAPLING-6"	750021
"RUNE_COUTURE_1"	73000
"RUNE_COUTURE_2"	650000
"RUNE_COUTURE_3"	2800000
"TELEPORT_PAD"	40000
"HOT_CRIMSON_LEGGINGS"	9262549
"HUB_PORTAL"	5
"KILLER_PERSONALITY"	1180000
"ABIPHONE_XIV_ENORMOUS_PURPLE"	19210000
"PERFECT_CHESTPLATE_5"	2457599
"RUNE_GOLDEN_1"	500
"RUNE_GOLDEN_3"	194500
"RUNE_GOLDEN_2"	194500
"ARTISANAL_SHORTBOW"	20000
"WITHER_SKELETON;3"	2000000
"WITHER_SKELETON;4"	3700000
"WITHER_SKELETON;0"	100000
"WITHER_SKELETON;1"	250000
"SWEET_AXE"	200000
"DWARVEN_METAL"	30200000
"SKELETON_CHAIR"	25000
"RUNE_TIDAL_1"	280000
"RUNE_TIDAL_2"	980000
"RUNE_TIDAL_3"	3430000
"GREAT_SPOOK_LEGGINGS"	877844
"DYE_BLACK_ICE"	21000000
"RECORD_11"	99000
"HAY_BLOCK-3"	750021
"LANTERN"	12000
"SPLENDID_FISH_DRAWING"	20666000
"JUNK_RING"	1350000
"GABAGOOL_THE_FISH"	8000000
"DYE_BRICK_RED"	93333333
"DYE_MIDNIGHT"	364512320
"BACKWATER_BOOTS"	400000
"SCORPION_BOW"	437000
"GOLEM_ARMOR_BOOTS"	349000
"GLACITE_LEGGINGS"	1932000
"GOLD_PICKAXE"	30
"CRYPT_DREADLORD_SWORD"	1
"PET_SKIN_OCELOT_RED_PANDA"	51500000
"NECROMANCER_LORD_LEGGINGS"	3200000
"RANCHERS_BOOTS"	4700000
"POTION_fishing_xp_boost"	99
"RABBIT_CHESTPLATE"	398998
"IRON_CHEST"	200000
"SHADOW_ASSASSIN_CHESTPLATE"	6650000
"BURSTSTOPPER_TALISMAN"	49713075
"INFERNO_FUEL_BLAZE_ROD"	165000
"SMOOTH_CHOCOLATE_BAR"	200000
"NORTH_STAR_BACKPACK"	3500000
"LEAPING_SWORD"	2627734
"HAPPY_MASK"	799000
"PERFECT_BOOTS_3"	1187300
"EPOCH_CAKE_DARK_GREEN"	5000000
"HURRICANE_IN_A_BOTTLE"	85900000
"GOLD_CHEST"	163333
"VACCINE_RING"	3999999
"SQUIRE_LEGGINGS"	119000
"UNSTABLE_DRAGON_BOOTS"	597600
"MURKWATER_LOCH_PORTAL"	3300000
"WAND_OF_STRENGTH"	1000000
"PET_SKIN_DRAGON_NEON_PURPLE"	399000000
"LEGGINGS_OF_THE_PACK"	980000
"THEORETICAL_HOE_WARTS_2"	5500000
"BEACON_3"	10049344
"PET_SKIN_DOLPHIN_MIDNIGHT"	12000000
"GRIFFIN_UPGRADE_STONE_UNCOMMON"	3100000
"GOLD_ORE"	3
"GLACITE_CHISEL"	30707588
"FELTHORN_REAPER"	35069058
"PERSONAL_COMPACTOR_7000"	3581997
"PET_SKIN_WOLF_HUSKY"	40000000
"SHEARS"	15
"POWER_WITHER_LEGGINGS"	12471080
"OPAL_POWER_SCROLL"	1340000
"ARMADILLO;2"	11998
"ARMADILLO;4"	600000
"ARMADILLO;3"	49999
"ARMADILLO;1"	598
"ARMADILLO;7"	9252500
"ARMADILLO;0"	499
"DRAGONFADE_CLOAK"	8371196
"TENTACLE_DYE"	349333333
"SHADOW_ASSASSIN_SLY_FOX"	25335079
"MITHRIL_GAUNTLET"	200000
"RAGNA_ROCK"	3999999
"YOUNG_DRAGON_BOOTS"	599000
"WOOD_PICKAXE"	5
"PARTY_NECKLACE"	1599999
"MAGMA_BOW"	4036736
"MERCENARY_HELMET"	179999
"WITCH_BROOMSTICK"	39999
"AMETHYST_GAUNTLET"	54400000
"DANTE_RING"	1690504
"MELON_BOOTS"	1399000
"PARK_JUNGLE_TRAVEL_SCROLL"	380000
"LIFE_PRESERVER"	2000
"MAWDUST_DAGGER"	999998
"BURNING_TERROR_HELMET"	20000000
"GILLSPLASH_GLOVES"	43541456
"ASPECT_OF_THE_JERRY_SIGNATURE"	3900000
"DYE_MYTHOLOGICAL"	17000000
"NIGHT_SAVER"	125000
"BOOTS_OF_THE_PACK"	1652063
"PERSONAL_COMPACTOR_5000"	1500000
"THEORETICAL_HOE_CANE_1"	3500000
"BOW-96"	750021
"PLASMAFLUX_POWER_ORB"	226896441
"FISH_PERSONALITY"	300000
"HELLFIRE_ROD"	57000000
"AUTUMN_HUT_BARN_SKIN"	3400000
"CHEST_SHELVES"	500
"ROSE_DRAGON;4"	689734516
"ARACHNE_SANCTUARY_TRAVEL_SCROLL"	8000000
"PET_SKIN_MEGALODON_PINK_PLUSHIE"	23000000
"CELESTE_WAND"	85500
"GRANDFATHER_CLOCK"	771600
"EVERBURNING_FLAME"	13550944
"SHIMMERING_WOOL"	54000000
"FOSSIL_THE_FISH"	240000
"PET_SKIN_GOLDEN_DRAGON_ANCIENT"	178500000
"RUNE_SMOKEY_1"	47999
"PET_SKIN_SQUID_GOBLIN"	19600000
"ZOMBIE_MASK"	7490000
"PET_SKIN_ELEPHANT_RED"	620000000
"GOLD_RECORD"	75000
"BEACH_UMBRELLA"	10000
"MIDAS_SWORD"	5799999
"RED_TENT"	30000
"GLISTENING_MELON_FLUX"	43333332
"ATMOSPHERIC_FILTER"	7500000
"SNOW_UNION"	1750000
"HELIANTHUS_FLORAL"	40999999
"MYTHOS_NECKLACE"	17000000
"CRIMSON_HELMET"	233874
"PUMPKIN_TV"	40000
"GOLEM_SWORD"	300000
"PET_SKIN_ENDER_DRAGON_ZODIAC"	25000000
"MINERAL_TALISMAN"	1700000
"FUNGI_CUTTER"	4500000
"END_BIOME_STICK"	320
"HEGEMONY_ARTIFACT"	444444448
"FLAMING_SWORD"	10000
"NUTCRACKER_BOOTS"	900000
"UNIQUE_RUNE_AXE_SOUL_SLICE"	71601624
"ENDER_RELIC"	126000000
"WOOD-9"	750021
"6_ANNIVERSARY_BARN_SKIN"	17000000
"PET_SKIN_TIGER_NEON"	59866666
"FORGE_TRAVEL_SCROLL"	478000
"BACKWATER_CHESTPLATE"	500000
"BACKWATER_NECKLACE"	729000
"ABIPHONE_XI_ULTRA_STYLE"	888000
"WHITE_GIFT_TALISMAN"	469000
"BEAR_BENCH"	500
"ILLUSION_GLASS"	500
"FIERY_AURORA_HELMET"	65305155
"PET_SKIN_BABY_YETI_DARK_PLUSH"	10770834
"SAPPHIRE_POWER_SCROLL"	1135000
"JADE_BELT"	58634787
"EXPENSIVE_TOY"	8000000
"GOBLIN_HELMET_DIAMOND"	45000000
"LADY_BUG_PERSONALITY"	999000
"PARKOUR_TIMES"	9000
"SQUASH_RING"	16499999
"PET_SKIN_GOBLIN_JINN"	16000000
"RELIC_OF_COINS"	219000000
"DIRT-2"	10
"GIFT_WHITE_BACKPACK"	999000
"SKELETON_LORD_LEGGINGS"	390000
"JERRY_CASTLE_GREENHOUSE_SKIN"	34400000
"PERFECT_CHESTPLATE_6"	3500000
"FARM_ARMOR_HELMET"	180000
"BURSTMAW_DAGGER"	4180628
"PET_SKIN_AMMONITE_MAGMA"	26000000
"PET_SKIN_SCATHA_ZODIAC_SNAKE"	28333333
"ABICASE_REZAR"	26616248
"GREEN_BANDANA"	1200000
"END_SWORD"	15000
"DYE_PURE_WHITE"	245000000
"TRAPPER_CREST"	7000000
"PET_SKIN_SCATHA_GOLDEN"	73844602
"TANK_MINER_BOOTS"	9000
"TYRANNOSAURUS;4"	4680000
"PUFFERFISH_PERSONALITY"	462500
"STRONG_DRAGON_DRAKE"	39000000
"RED_THORNLEAF"	7811
"FIRE_FURY_STAFF"	4000000
"EYE_OF_ENDER"	15
"MANGROVE_VINE"	1149000
"SHIMMERING_LIGHT_HOOD"	9575133
"GLACIAL_RING"	1746000
"VANQUISHED_GLOWSTONE_GAUNTLET"	1140000
"FIG_HELMET"	1450000
"DYE_FLAME"	778000000
"SLED"	21760
"PERFECT_LEGGINGS_10"	3599999
"MOON_GREENHOUSE_SKIN"	20000000
"PET_ITEM_FARMING_SKILL_BOOST_EPIC"	1600000
"ABYSSAL_LEGGINGS"	12724900
"PESTHUNTERS_BELT"	590000
"POCKET_ESPRESSO_MACHINE"	99000
"CANOPY_BOOTS"	299999
"MAIN_STREET_BARN_SKIN"	23000000
"GOLDOR_THE_FISH"	360000
"JUNK_ARTIFACT"	3820000
"UNIQUE_RUNE_GRAND_LEAFING"	50000000
"BAIT_RING"	37000000
"DIVER_LEGGINGS"	2111979
"TURBO_FISHING_NET"	43000000
"SILK_EDGE_SWORD"	5999998
"WEIRDER_TUBA"	12689999
"MITHRIL_LANTERN"	984000
"MINING_1_PORTAL"	149999
"UNIQUE_RUNE_BARK_TUNES"	124000000
"SPEED_WITHER_LEGGINGS"	5750000
"DYE_SUNSET"	15495000
"POTION_experience"	22833
"WAND_OF_MENDING"	300000
"STARRED_ADAPTIVE_LEGGINGS"	675000
"TARANTULA_HELMET"	1200000
"GLACIAL_ARTIFACT"	4762960
"ICHTHYIC_BELT"	2534742
"JERRY_NEW_YEAR_26"	30000000
"VOID_SEPULTURE_TRAVEL_SCROLL"	1399000
"PIG_MASK"	3800000
"UNSTABLE_DRAGON_LEGGINGS"	999999
"PET_SKIN_HEDGEHOG_PINEAPPLE"	50000000
"FEL_SKULL"	4499999
"HYPER_CLEAVER"	1300000
"GREEN_GIFT_TALISMAN"	599000
"PET_SKIN_HEDGEHOG_RAMBUTAN"	65000000
"BOW"	35
"REINDEER_PERSONALITY"	150000
"ENCHANTMENT_TABLE"	200
"SPOOKY_TREE"	3500000
"MAP-126"	750021
"HOLLOW_HELMET"	94560
"GOLDEN_FLEECE"	88849056
"PET_SKIN_REINDEER_UNICORN"	19600000
"BAT_PERSON_RING"	7516759
"ORCHARD_GREENHOUSE_SKIN"	4990000
"MINION_CHAIR"	444444
"TITANIUM_RING"	5000000
"PERFECT_BOOTS_13"	11192470
"SORROW_BOOTS"	3100000
"SKELETON_MASTER_HELMET"	40000
"MEDIUM_FISH_BOWL"	1328604
"ANGUISH_RING"	25141959
"HOT_TERROR_CHESTPLATE"	9000000
"FESTIVE_MAILBOX"	3999
"PET_SKIN_MITHRIL_GOLEM_COPPER"	79000000
"READING_NOOK"	500
"LARGE_BACKPACK"	369000
"PET_SKIN_ROCK_SUS"	40000000
"CRYPT_BOW"	2400
"ROTTEN_LEGGINGS"	12000
"BASE_CAMP_TRAVEL_SCROLL"	3117687
"RAGGEDY_SHARK_TOOTH_NECKLACE"	220000
"REMNANT_OF_THE_EYE"	18999
"ADVANCED_GARDENING_AXE"	269000
"ABIPHONE_XIII_PRO_GIGA"	5300000
"PRESENT_PERSONALITY"	111000
"SCAVENGER_TALISMAN"	200
"PEST_REPELLENT_MAX"	200000
"PARTY_HAT_SLOTH"	3940000
"HAMBAGGER_BACKPACK"	11070000
"SUPERIOR_SHIMMER"	1086223616
"DITTO_SKIN"	149000000
"TANK_WITHER_HELMET"	3000000
"VINERIP_LASSO"	449000
"FEL_ROSE"	1218462
"SHADOW_ASSASSIN_MAUVE"	50730000
"POTION_speed"	28667
"ZOMBIE;4"	500000
"ZOMBIE;3"	390000
"PET_SKIN_ELEPHANT_COSMIC"	66000000
"SKULL_PERSONALITY"	150000
"RUBY_POLISHED_DRILL_ENGINE"	47000000
"PET_SKIN_CHICKEN_NESTED"	800000
"PET_SKIN_BLACK_CAT_IVORY"	132988754
"PERFECT_CHESTPLATE_7"	3000000
"PET_SKIN_RAT_SECRAT_SERVICE"	90000000
"PET_SKIN_REINDEER_ZODIAC_HORSE"	22999900
"BUILDER_LEMON"	12
"MOLTEN_CLOAK"	598998
"PET_SKIN_PARROT_GALAXY"	13325000
"PERFECT_BOOTS_7"	2500000
"SKYMART_VACUUM"	56999
"PUMPKIN_DICER_2"	7800000
"ZOMBIE_CHESTPLATE"	499000
"HELLSTORM_STAFF"	25000000
"PET_SKIN_RAT_GYM_RAT"	75000000
"NOISY_PEARL"	3333
"GRANDMAS_KNITTING_NEEDLE"	1750000
"ETHERWARP_CONDUIT"	13991557
"PET_SKIN_REINDEER_RED_NOSE"	8000000
"PET_SKIN_BEE_RGBEE"	45000000
"INFERNAL_AURORA_LEGGINGS"	207819968
"KAT_FLOWER"	499000
"VAMPIRE_DENTIST_RELIC"	44990000
"PET_SKIN_SLUG_BANANA"	23000000
"STEEL_CHESTPLATE"	7000000
"FINAL_DESTINATION_BOOTS"	999000
"SHIMMERING_LIGHT_TROUSERS"	11207315
"PARROT_MASK"	10000000
"EPOCH_CAKE_BROWN"	5500000
"FALLEN_STAR_TRACKER"	70000
"KUUDRAS_HEART"	252710741
"POSTCARD"	2900000
"STARRED_ADAPTIVE_CHESTPLATE"	1699999
"HEPHAESTUS_PLUSHIE"	72333333
"VORPAL_KATANA"	7287966
"PERFECT_BOOTS_8"	4286700
"PET_SKIN_GHOUL_GHOULFRIEND"	18000000
"ZOMBIE_TALISMAN"	49
"PET_SKIN_MOOSHROOM_COW_MYCELIYUM_BURGER"	11760000
"MAGMA_LORD_RAGNAROK"	250000000
"GANACHE_CHOCOLATE_SLAB"	469999
"VENATOR_GENESIS"	199999
"FLAMEBREAKER_LEGGINGS"	5000000
"UNIQUE_RUNE_TURKEY"	29999000
"EPOCH_CAKE_GREEN"	3700000
"SPEED_WITHER_HELMET"	3300000
"BIOHAZARD_SUIT"	1200000
"WITCH_MASK"	600000
"PET_SKIN_TURTLE_ANCIENT"	522499
"CHESTPLATE_OF_THE_PACK"	1340000
"STARRED_DAEDALUS_AXE"	63675300
"SHADOW_GOGGLES"	1000000
"DESERT_ISLAND"	100000
"BUNNY"	5000
"BUNNY_TV"	400000
"HOLY_DRAGON_BOOTS"	689999
"WATER_HYDRA_HEAD"	1000000
"AWAKENED_EYE_BACKPACK"	15693123
"HAMMOCK"	7250
"GREAT_SPOOK_BELT"	250000
"RECORD_3"	100000
"ANITA_RING"	4800000
"POTION_archery"	133
"ZOMBIE_COMMANDER_CHESTPLATE"	170000
"DYE_MARINE"	21000000
"BIRD_HOUSE"	250
"MAGICAL_MILK_BUCKET"	199000
"CHAINMAIL_CHESTPLATE"	900
"WOOD_BUTTON"	1
"PERFECT_BOOTS_12"	5650000
"POTATO_RING"	30779714
"SPEEDSTER_CHESTPLATE"	1000000
"FAIRY_BOOTS"	45000
"GOBLIN_BOOTS"	9865
"MEDIUM_POCKET_BLACK_HOLE"	2220319
"RED_SANDSTONE-5"	750021
"AMETHYST_POWER_SCROLL"	899999
"TREASURE_ARTIFACT"	79990000
"IRON_CHESTPLATE"	12
"STAR_DECORATIONS"	575
"PERFECT_HELMET_10"	4109886
"HEAT_LEGGINGS"	300000
"INFERNAL_CRIMSON_HELMET"	268228560
"MUSIC_PANTS"	239998
"PET_SKIN_HEDGEHOG_BURNING"	16000000
"SUPERIOR_DRAGON_LEGGINGS"	10449000
"SUPER_UNDEAD_BOW"	1179629
"TIC_TAC_TOE"	400000
"AGARIMOO_TALISMAN"	239000
"DYE_BONE"	44444444
"HOLY_DRAGON_DRAKE"	25000000
"SORROW_SAMURAI"	35900000
"FLAMING_FLAY"	59800594
"ARTIFACT_OF_COINS"	46049057
"PET_SKIN_SLUG_VIOLET_SEA_SLUG"	30000000
"POTION_blindness"	15
"GLACIAL_SCYTHE"	21903648
"FORAGING_5_PORTAL"	255000
"STARRED_ADAPTIVE_BOOTS"	200000
"BLUE_WHALE;3"	2800000
"BLUE_WHALE;4"	14006955
"BLUE_WHALE;2"	149000
"BLUE_WHALE;0"	25000
"BLUE_WHALE;1"	87000
"PET_SKIN_SCATHA_ALBINO"	77975575
"GUARDIAN_CHESTPLATE"	358800
"PET_SKIN_SNOWMAN_PLUSHIE"	20490000
"TALISMAN_ENRICHMENT_FEROCITY"	4999999
"PET_SKIN_ARMADILLO_SEAFOAM"	149999984
"ANGLER_BRACELET"	49
"SQUASH_BOOTS"	8738277
"TARANTULA_FANG"	6189027
"SLIME_BLOCK"	187
"NEW_YEAR_CAKE"	1469999
"MANA_FLUX_POWER_ORB"	6650000
"HOLIDAY_TRAIN"	90000
"FIREDUST_DAGGER"	1329999
"WORKBENCH"	5
"BAT_THE_FISH"	9500000
"PUMPKIN_COUCH"	23333
"DYE_RED_TULIP"	26500000
"DYE_OCEAN"	28499999
"PET_SKIN_ENDERMAN_ENDERCAT"	40000000
"WEREWOLF_BOOTS"	300000
"GAUNTLET_OF_CONTAGION"	2950000
"ABICASE_SUMSUNG_1"	15800000
"FERMENTO_CHESTPLATE"	38955612
"SHRIVELED_WASP"	18400000
"SQUIRE_HELMET"	60000
"WASHED_UP_SOUVENIR"	780000
"ADAPTIVE_CHESTPLATE"	1351672
"PET_SKIN_CHICKEN_BABY_CHICK"	141680000
"VAMPIRE_BED"	2500
"RETIA_SUPREMA"	1200000
"GIFT_BLUE_BACKPACK"	1599999
"CARROT_BENCH"	499
"PRESENTS"	500
"STARLIGHT_BOOTS"	200000
"CORRUPT_WITHER_GOGGLES"	118000000
"SALMON_HAT"	200
"SCAVENGER_ARTIFACT"	91049057
"CRYSTALLIZED_HEART"	900000
"DIAMOND_AXE"	7000
"PET_SKIN_HORSE_ZOMBIE"	180000000
"GREAT_SHARK_MAGMA_LORD"	87500000
"PET_SKIN_FAIRY_SLIME_SPIRIT"	22000000
"DOUBLE_PLANT-4"	1
"DOUBLE_GUMBALL_FLUX"	37666666
"END_STONE_BOW"	100000
"MITHRIL_CLOAK"	149000
"BURNT_TEXTS"	40750000
"MITHRIL_DRILL_2"	11003783
"MAGMA_LORD_LEGGINGS"	37800000
"NECRON_DIAMOND_KNIGHT"	55000000
"BUTTERFLY_BARN_SKIN"	16660000
"ZOMBIE_GRAVE"	80000
"ETHERWARP_MERGER"	500000
"VINYL_CRICKET_CHOIR"	39000
"BEDROCK"	237600000
"VINYL_FIREFLY"	50000
"ANVIL"	45
"LEAFLET_LEGGINGS"	15
"UNSTABLE_DRAGON_HELMET"	599998
"PERSONAL_BANK_ITEM"	120000
"PET_SKIN_GLACITE_GOLEM_MOLTEN"	20000000
"FLORAL_LAMPPOST"	280000
"BAT_PERSON_BOOTS"	2112000
"WITHER_GOGGLES"	6099999
"WEREWOLF_HELMET"	445000
"REINDEER_PLUSH"	1005
"ANCESTRAL_SPADE"	300000
"PET_SKIN_MOOSHROOM_COW_MOONBLOOM"	34000000
"VOID_SEPULTURE_PORTAL"	8800000
"ABICASE_BLUE_YELLOW"	17400000
"SKYBLOCK_BENCH"	90000
"MASTER_SKULL_TIER_4"	7690000
"UNIQUE_RUNE_HEARTSPLOSION"	40000000
"THUNDER_BIKER_PINK"	34600000
"CRYSTAL_LEGGINGS"	1400000
"STICK"	1
"SKELETON_SOLDIER_HELMET"	24000
"KRAMPUS_HELMET"	750000
"AGARIMOO_ARTIFACT"	6900000
"ELEGANT_TUXEDO_CHESTPLATE"	22999000
"ARMOR_OF_YOG_HELMET"	350000
"LARGE_FISH_BOWL"	3659417
"GOLD_BARDING"	25000000
"SUPER_SCRUBBER"	199999
"TRIO_CONTACTS_ADDON"	6200000
"SQUASH_CHESTPLATE"	15281621
"BONE_REAVER"	26990000
"ULTIMATE_CARROT_CANDY_UPGRADE"	7700000
"SPIDER;4"	3500000
"SPIDER;0"	199999
"SPIDER;7"	7030000
"SPIDER;3"	1489999
"END_BARN_SKIN"	45000000
"WITHER_BOW"	47000
"MUMMY_PERSONALITY"	479200
"BLAZE_TALISMAN"	2499999
"GLOSSY_MINERAL_HELMET_ROYAL"	38000000
"ICE_CHAIR"	125
"RECORD_4"	50000
"PET_SKIN_BEE_ZOMBEE"	900000
"DREAMSPIRE_TORCH"	700000
"GEMSTONE_CHAMBER"	8300000
"RUNE_LAVATEARS_2"	100000
"RUNE_LAVATEARS_3"	450000
"RUNE_LAVATEARS_1"	5000
"CENTURY_MEMENTO_RED"	690000
"ANKYLOSAURUS;4"	7720000
"TOIL_LOG"	1000000
"MAGMA_LORD_GAUNTLET"	31900000
"FIERY_KUUDRA_CORE"	106457440
"PERFECT_BOOTS_11"	6000000
"DYE_TREASURE"	103000000
"MITHRIL_FUEL_TANK"	10350000
"VACCINE_TALISMAN"	101
"GOD_POTION_2"	1450000
"POTION_poison"	2
"ABIPHONE_FLIP_DRAGON"	46000000
"DECENT_BOW"	170000
"PET_SKIN_RABBIT_LUNAR"	88619659
"PET_SKIN_RAT_RAT-STRONAUT"	90000000
"DAY_SAVER"	150000
"GREENHOUSE"	250
"ABIPHONE_FLIP_PLUS_LUNAR"	90000000
"OLD_DRAGON_LEGGINGS"	800000
"BUBBLES_OF_AIR"	159200
"VINYL_SLOW_AND_GROOVY"	42000
"BACHELOR_ROSE"	1390000
"PORTABLE_CAMPFIRE"	2899999
"LEGEND_ROD"	2286152
"BITS_TALISMAN"	14000000
"DEAD_CAT_FOOD"	528000000
"MOOGMA_LEGGINGS"	44000
"TANK_WITHER_LEGGINGS"	6666499
"PET_SKIN_WOLF_SPIRIT"	17550000
"POLAR_BEAR_PERSONALITY"	3762962
"UNIQUE_RUNE_SUPER_PUMPKIN"	22000000
"HEADLESS_PERSONALITY"	71666666
"CARROT_BEDSIDE_TABLE"	240
"PET_ITEM_BIG_TEETH_COMMON"	500000
"GREAT_SPOOK_TALISMAN"	10000000
"WEREWOLF_LEGGINGS"	500000
"ICE_DINNER_TABLE"	575
"HOLY_DRAGON_HELMET"	605974
"SQUASH_LEGGINGS"	13041621
"SKYMART_TURBO_VACUUM"	750000
"ENDERPACK"	38450000
"DANGER_1_TRAVEL_SCROLL"	588000
"PERFECT_CHESTPLATE_1"	800000
"PET_SKIN_MONKEY_ZODIAC"	24440000
"DIAMOND_SPADE"	189999
"UNDEAD_SWORD"	105
"PET_ITEM_FORAGING_SKILL_BOOST_COMMON"	239000
"DIVER_FROZEN"	12940000
"JUNGLE_BED"	10000
"BLADE_OF_THE_VOLCANO"	95000
"MOLDY_MUFFIN"	18000000
"LAPIS_ARMOR_CHESTPLATE"	483000
"FANCY_TUXEDO_BOOTS"	2046000
"REFINED_TITANIUM_PICKAXE"	2500000
"THUNDER_HELMET"	990000
"MINER_OUTFIT_CHESTPLATE"	25000
"BURNING_AURORA_BOOTS"	51524028
"SKELETON_HELMET"	645854
"PROTECTOR_DRAGON_LEGGINGS"	550000
"JERRY_BARN_SKIN"	78000000
"BOUNCY_BOOTS"	99499
"RUNE_WHITE_SPIRAL_1"	1000
"RUNE_WHITE_SPIRAL_2"	20000
"RUNE_WHITE_SPIRAL_3"	270800
"EMBER_CHESTPLATE"	11000000
"TALISMAN_ENRICHMENT_SEA_CREATURE_CHANCE"	5100000
"GHOST_BOOTS"	200000
"TINY_SCAFFOLDING"	117500
"JACK_O_LANTERN"	20
"SPEED_RING"	289000
"BERSERKER_HELMET"	1300000
"PET_SKIN_BLAZE_SOUL"	33333332
"RUNE_SLIMY_1"	1
"RUNE_SLIMY_3"	570000
"RUNE_SLIMY_2"	800
"POWER_WITHER_BOOTS"	7794680
"BALLOON_HAT_2025"	2500000
"CAULDRON"	50000
"VAMPIRE_THRONE"	5000
"PET_SKIN_SHEEP_BLACK_WOOLY"	112333333
"RECORD_5"	50000
"PERFECT_CHESTPLATE_12"	5384653
"ADAPTIVE_LEGGINGS"	227162
"DECK_CHAIR"	5000
"UNIQUE_RUNE_ORNAMENTAL"	25000000
"BERSERKER_LEGGINGS"	1000000
"FAIRY_CHESTPLATE"	29880
"BLOBFISH_HAT"	89997
"CAMPAIGN_POSTER"	14260000
"GOLD_CLAWS"	6439569
"DYE_FROSTBITTEN"	400000000
"TERA_SHELL_NECKLACE"	2255961
"PASTEL_SUPERIOR_DRAGON"	2400000
"FROG;2"	2001000
"FROG;4"	6399999
"FROG;3"	4540000
"FROG;1"	699999
"FROG;0"	191998
"ENDER_ARTIFACT"	77500000
"BEHEADED_HORROR"	48000
"PIG_BRAIN_MIXIN"	6799999
"IRON_SWORD"	95
"GOLD_GIFT"	1700000
"POTION_absorption"	8667
"DIFFICULT_ITEM"	4430000
"DEEPTERROR_MIXIN"	3200000
"CRIMSON_LEGGINGS"	296398
"FISHY_PENGUIN_PERSONALITY"	4000000
"EON_THE_FISH"	7698000
"DIVAN_DRILL"	1242680832
"UPGRADE_STONE_GLACIAL"	23357965
"NOVICE_SKULL"	1419999
"GOLEM_ARMOR_HELMET"	349000
"GLASS_BOTTLE"	2
"HEPHAESTUS_SOUVENIR"	84000000
"INTIMIDATION_RING"	500000
"BLAZE_CHESTPLATE"	2400000
"VANQUISHED_MAGMA_NECKLACE"	1641308
"MEDIUM_BACKPACK"	134211
"TOY_BOX"	1000
"RUNE_LIGHTNING_1"	50000
"RUNE_LIGHTNING_2"	185724
"RUNE_LIGHTNING_3"	1500000
"ZOMBIE_HAT"	40
"ASPECT_OF_THE_END"	405000
"GLOSSY_MINERAL_BOOTS"	28000000
"BERRY_THE_FISH"	42000
"HELMET_OF_THE_PACK"	1465323
"PERFECT_BOOTS_10"	4096000
"SOS_FLARE"	113166163
"THEORETICAL_HOE_WHEAT_3"	22000000
"PAPER"	10
"MUSEUM_PORTAL"	8800000
"GROWTH_BOOTS"	1000000
"PET_SKIN_WOLF_DOGE"	40000000
"SPEED_TALISMAN"	539
"BBQ"	18667
"PRISMARINE_BOW"	199999
"MELON_LEGGINGS"	2194249
"WINDMILL_BARN_SKIN"	13500000
"TARANTULA_REDBACK"	79500000
"MAP-1"	750021
"BLENDED_FISH_MIXIN"	22100000
"WOLF_RING"	1479000
"VINYL_CICADA_SYMPHONY"	39887
"FERMENTO_BLOOM"	320571429
"SKELETON_MASTER_LEGGINGS"	42000
"PET_SKIN_BEE_WASABEE"	150000000
"PET_ITEM_FISHING_SKILL_BOOST_COMMON"	9999
"POCKET_SACK_IN_A_SACK"	8099999
"EPOCH_CAKE_GRAY"	6000000
"COMMON_HOOK"	199999
"GOLD_BOOTS"	11
"INFERNO_ROD"	11310506
"DARK_GOGGLES"	200000
"MIDAS_STAFF"	13200000
"FARM_ARMOR_CHESTPLATE"	109448
"BALLOON_SNAKE"	270000
"PERFECT_CHESTPLATE_2"	400000
"PET_SKIN_ROCK_SURPRISED"	50000000
"FLINT_AND_STEEL"	35
"HYDRO_CAN_ULTRA_3000"	2950000
"STARRED_SHADOW_ASSASSIN_BOOTS"	998000
"RETIA_FORTA"	975000
"GRASS"	1
"BEAR_BED"	50000
"UNIQUE_RUNE_BLAZING_SUN"	60000000
"GREAT_SPOOK_STAFF"	1000000
"PET_SKIN_ENDERMITE_RADIANT"	65670002
"STARLIGHT_HELMET"	215000
"ENDER_BOW"	102000
"PET_SKIN_MAMMOTH_CLOUD"	9999999
"GOBLIN_OMELETTE_BLUE_CHEESE"	109800000
"BLOSSOM_BRACELET"	4500000
"CHAOS_TERROR"	59000000
"COZY_COTTAGE_BARN_SKIN"	14666666
"OLD_DRAGON_BOOTS"	959998
"SUPER_CLEAVER"	149999
"PET_SKIN_DOLPHIN_SNUBNOSE_PURPLE"	30770940
"PET_SKIN_ENDERMITE_DYNAMITE"	1600000
"CROWN_OF_GREED"	1399000
"SKELETON_GRUNT_BOOTS"	24000
"ICY_SINKER"	26000
"BURNING_CRIMSON_BOOTS"	28846880
"ARMOR_OF_THE_RESISTANCE_CHESTPLATE"	1250000
"PRIMORDIAL_HELMET"	27691256
"WIZARD_PORTAL_MEMENTO"	4500000
"THEORETICAL_HOE_WARTS_1"	2600000
"CAGED_WISP"	88340191
"STORM_IN_A_BOTTLE"	11000000
"MERCENARY_BOOTS"	180000
"GOBLIN_OMELETTE_SUNNY_SIDE"	6116281
"FIG_BOOTS"	1218999
"PET_SKIN_SNOW_OWL"	80000000
"FANCY_TUXEDO_LEGGINGS"	7000000
"MYSTIC_MOON_FLUX"	28000000
"PROTECTOR_DRAGON_BOOTS"	650000
"GLOWING_GRAPE_FLUX"	24000000
"ANNIHILATION_CLOAK"	191475084
"BALLOON_HAT_2024"	2500000
"PET_SKIN_GUARDIAN_CORRUPT_EYE"	3400000
"TACTICAL_INSERTION"	40202886
"PET_SKIN_MAGMA_CUBE_CHOCO_CUBE"	45000000
"PRIMORDIAL_CHESTPLATE"	21204861
"RECORD_6"	20000
"DEVOUR_RING"	3230000
"WISE_WITHER_HELMET"	14201780
"REAPER_ORB"	84000000
"ZOOP_THE_FISH"	4500000
"EPOCH_CAKE_MAGENTA"	8000000
"HILT_OF_TRUE_ICE"	2351998
"DYE_SUNFLOWER"	34750000
"PERFECT_PALADIN"	35000000
"CELESTE_HELMET"	240000
"PET_SKIN_SQUID_CHROMARI"	19000000
"ADAPTIVE_HELMET"	127978
"HERMIT_CRAB_PERSONALITY"	50000
"LUCKY_BARN_SKIN"	32180000
"GRIFFIN;3"	10263899
"GRIFFIN;2"	4950000
"GRIFFIN;4"	32678856
"GRIFFIN;0"	100000
"GRIFFIN;1"	2178157
"GRIFFIN;7"	87678856
"POWER_WITHER_HELMET"	9348800
"PET_SKIN_FLYING_FISH_HARLEQUIN"	19800000
"GOLEM_HAT"	100
"SOUL_ESOWARD"	4610214
"PET_SKIN_SHEEP_YELLOW"	287900000
"BAT_PERSON_TALISMAN"	180000
"ETERNAL_HOOF"	6100000
"EMPEROR_TALISMAN"	14876385
"SNOW_SHOVEL"	21600
"SPONGE_CHESTPLATE"	676813
"GOBLIN_OMELETTE_SPICY"	8362358
"BACKWATER_CLOAK"	499999
"PLASMA_NUCLEUS"	128000000
"BLAZE_HAT"	100
"EPOCH_CAKE_PINK"	2600000
"CHEAP_COFFEE"	89000
"HELIANTHUS_HELMET"	86026760
"GLACITE_CHESTPLATE"	19008
"HEDGEHOG;4"	4100000
"GOLEM_ARMOR_CHESTPLATE"	349000
"CLAY_BRACELET"	489999
"POTION_rabbit"	194
"DELIRIUM_NECKLACE"	1300000
"MINERAL_LEGGINGS"	1174099
"ANGLER_BOOTS"	12
"SNIPER_HELMET"	58800
"EPOCH_CAKE_CYAN"	3450000
"RUNE_GRAND_SEARING_3"	675000000
"PERFECT_LEGGINGS_8"	6600000
"SHADOW_FURY"	18400000
"EPOCH_CAKE_AQUA"	3200000
"WOOD_TALISMAN"	50000
"UNIQUE_RUNE_GOLDEN_CARPET"	92900000
"BASE_GRIFFIN_UPGRADE_STONE"	1599999
"ADVANCED_GARDENING_HOE"	269000
"ENCHANTED_SHEARS"	10
"PERFECT_CHESTPLATE_3"	1500000
"LAPIS_CHEST"	190000
"OXFORD_SHOES"	180000
"DR_PAPER"	8000
"WOLF_TALISMAN"	350000
"WIND_CHIMES"	250
"DIVER_CHESTPLATE"	1740000
"ARMOR_OF_MAGMA_LEGGINGS"	4060000
"DANGER_1_PORTAL"	450000
"ABICASE_BLUE_RED"	17000000
"SOULFLOW_PILE"	149999
"PRECURSOR_EYE"	26872920
"THUNDER_IN_A_BOTTLE"	2099999
"EGG_STACK"	500
"EXPERIMENT_THE_FISH"	150000
"CHERRY_BLOSSOM_FLUX"	31000000
"COPPER_ARTIFACT"	107000000
"WISE_WITHER_LEGGINGS"	16997002
"RABBIT;2"	1594500
"RABBIT;4"	3999999
"RABBIT;3"	2940000
"RABBIT;1"	532500
"RABBIT;7"	5674500
"RABBIT;0"	500000
"FLORAL_FLUX"	36000000
"CENTURY_MEMENTO_PINK"	630000
"HELIANTHUS_BOOTS"	63802092
"REAPER_BLUE_ONI_MASK"	67676704
"STARRED_BAT_WAND"	10000000
"FISH_AFFINITY_TALISMAN"	40000
"MAGIC_CUBE_FLUX"	175000000
"BIOHAZARD_SPACE_TEAL"	39000000
"PET_SKIN_HOUND_LUNAR"	639000000
"PET_SKIN_AMMONITE_HERMIT_GRAPHITE"	15070024
"DIVAN_CHESTPLATE"	22880000
"CHUM_SINKER"	299000
"SHARK_SCALE_BOOTS"	1223960
"PET_SKIN_BLACK_CAT_PURRANORMAL"	3353909
"ARCHERY_CUBE"	800000
"EMPTY_CHUMCAP_BUCKET"	629000
"PET_SKIN_RAT_ZODIAC"	23500000
"TROPICAL_BIRD_2_PERSONALITY"	1300000
"SCAVENGER_RING"	32240000
"STARRED_MIDAS_SWORD"	321400896
"MOB_THE_FISH"	100000
"PIRATE_BOMB_FLUX"	25000000
"BEACH_BALL_FLUX"	27000000
"FURNACE_PLUS"	500
"SHREDDED_LINE"	1700000
"GREAT_SPOOK_SWORD"	1400000
"FLAMEBREAKER_HELMET"	4000000
"SUPER_HEAVY_HELMET"	94999
"BIGGER_TEETH"	4400000
"PUMPKIN_PERSONALITY"	200000
"UPGRADE_STONE_SUBZERO"	84260646
"ISLAND_NPC"	117250
"STORM_IN_A_BOTTLE_EMPTY"	777777
"PET_SKIN_HOUND_BEAGLE"	100000000
"HOUND;4"	7900000
"HOUND;3"	108000
"EMERALD_ARMOR_HELMET"	1000000
"CRIMSON_BOOTS"	279162
"CHALLENGER_CHESTPLATE"	660000
"PET_SKIN_BABY_YETI_PLUSHIE"	31332666
"SAND_CASTLE_BARN_SKIN"	27630000
"HOLLOW_LEGGINGS"	36139
"WITHER_AWAKENED"	118900000
"BONE_BOOMERANG"	25200000
"PET_SKIN_OCELOT_SNOW_TIGER"	55000000
"BAT_PERSON_HELMET"	2440000
"PHANTOM_HOOK"	550000
"BEAUTIFALL_CABIN_BARN_SKIN"	127700000
"DYE_DUSK"	15749000
"BACKWATER_GLOVES"	500000
"RECORD_7"	50000
"BIOHAZARD_PUMPKIN_SPICE"	350000
"MOONLIGHT_CRYSTAL"	3626332
"PET_SKIN_FOUR_SEASONS_GRIFFIN"	168860416
"REFINED_MITHRIL_PICKAXE"	2862479
"MAGNETIC_TALISMAN"	7949000
"CHICKEN;4"	1300000
"CHICKEN;0"	100000
"CHICKEN;1"	200800
"THUNDER_BIKER_TEAL"	28000000
"GOBLIN_HELMET_GENIE"	38420000
"RUSTY_SPOON"	349999
"SEA_LANTERN_HAT"	50000
"BURNING_AURORA_CHESTPLATE"	29249904
"RIFT_WIZARD_TOWER_PORTAL"	8000000
"STONK_PICKAXE"	630000
"CANOPY_LEGGINGS"	287000
"FLAMEBREAKER_CHESTPLATE"	5000000
"PEST_TRAP"	470000
"PET_SKIN_DOLPHIN_SNUBNOSE_GREEN"	32000000
"BEACH_BALL"	4444
"BASIC_GARDENING_AXE"	99499
"TIKI_MASK"	140000000
"TITANIUM_FUEL_TANK"	20500000
"PEDESTAL"	50000
"HARP"	940000
"PET_SKIN_GOBLIN_GENIE_BABY"	9900000
"PET_SKIN_MOLE_MINER"	21600000
"INFERNO_HEAVY_MAGMA_CREAM"	749000
"GEMSTONE_FUEL_TANK"	38200000
"SPOOKY_BOOTS"	1650000
"PET_SKIN_SPIDER_PEACOCK"	32260000
"MEDIUM_FISHING_NET"	9411636
"SPIDER_ARTIFACT"	10840000
"SORROW_HELMET"	3859795
"SINFUL_DICE"	30000
"ZOMBIE_KNIGHT_LEGGINGS"	78000
"SPRING_BOOTS"	268000000
"BEACON"	2000000
"CANDY_ARTIFACT"	1900000
"SALMON_LEGGINGS_NEW"	164000
"PARKOUR_CONTROLLER"	12500
"PET_SKIN_SHEEP_LUNAR_GOAT"	240226579
"PET_SKIN_SHEEP_MONSTER"	25490000
"STARLIGHT_CHESTPLATE"	180000
"PET_ITEM_QUICK_CLAW"	60000000
"SNOW_HOWITZER"	4660000
"HURRICANE_BOW"	260000
"AQUAMASTER_X"	3999999
"MYTHOS_BRACELET"	18800000
"ZORROS_CAPE"	291000
"FIERY_CRIMSON_BOOTS"	88841216
"WISE_DRAGON_CHESTPLATE"	2090000
"CELESTE_CHESTPLATE"	190000
"BACKWATER_HELMET"	435000
"HEAVY_LEGGINGS"	24000
"BAYOU_TRAVEL_SCROLL"	2498999
"CHIRPING_STEREO"	80000
"SKELETOR_LEGGINGS"	89000
"HUNTING_TOOLKIT"	1400000
"BEACH_BALL_PERSONALITY"	74444
"EMERALD_BLOCK"	36
"PET_SKIN_ELEPHANT_MONOCHROME"	98000000
"BAMBOO_BARN_SKIN"	14949997
"PET_SKIN_ELEPHANT_SAFARI"	34500000
"SWAMP_THE_FISH"	200000
"PET_SKIN_BABY_YETI_MIDNIGHT"	59998000
"PET_SKIN_SNOWMAN_MELTING"	10000000
"HOT_AURORA_HELMET"	6194969
"HALLOWEEN_SCARECROW"	26000
"GOBLIN_OMELETTE"	1434070
"MINING_PUMPKIN"	90000
"BUILDERS_RULER"	175000
"SPOOKY_DISC"	15000
"JERRY_STAFF"	500000
"INFINI_TORCH"	105000
"MASTER_SKULL_TIER_3"	1800000
"PET_ITEM_COMBAT_SKILL_BOOST_COMMON"	49500
"MINER_OUTFIT_HELMET"	48960
"PET_SKIN_RAT_JUNK_RAT"	44170000
"THEORETICAL_HOE_CARROT_1"	3400000
"PRIMORDIAL_BOOTS"	22312836
"WILSON_ENGINEERING_PLANS"	3000000
"TARANTULA_TALISMAN"	180000
"PUMPKIN_LAUNCHER"	21000000
"PERFECT_BOOTS_4"	1638400
"CREEPER_HAT"	80
"PET_SKIN_FERRET_BLACK_ANGORA"	800000
"POTION_combat_xp_boost"	125
"PIGMAN;3"	2000000
"PIGMAN;4"	6500000
"GOBLIN;4"	6159049
"HELIANTHUS_CHESTPLATE"	100033632
"HUNTER_TALISMAN"	12000000
"PET_SKIN_SLUG_AZURE_SEA_SLUG"	35000000
"WHEEL_OF_FATE"	404000
"SKELETON;4"	2900000
"SKELETON;3"	1000000
"SKELETON;2"	510000
"PET_SKIN_BAT_CANDY"	32000000
"PET_SKIN_RAT_FIELD_MOUSE"	24000000
"PET_SKIN_BEE_RUGBEE"	255000000
"PET_ITEM_FARMING_SKILL_BOOST_COMMON"	15000
"PET_SKIN_ENDERMAN_NEON"	30400000
"ZOMBIE_SOLDIER_LEGGINGS"	26400
"MAGMA_NECKLACE"	128276
"AMBER_POWER_SCROLL"	981000
"LAPIS_ARMOR_BOOTS"	100000
"WITHER_HELMET"	2200000
"TIGER;2"	1200000
"TIGER;4"	17503653
"TIGER;3"	1949999
"TIGER;1"	350000
"TIGER;0"	254000
"HOLOGRAM"	1000000
"FLEX_HELMET"	5555555
"CHAMP_ROD"	1492223
"CRYSTAL_NUCLEUS_PORTAL"	6600000
"SANDCASTLE_PERSONALITY"	150000
"WHITE_TIGER_PERSONALITY"	72000
"PET_SKIN_AMMONITE_HERMIT_SAND_CASTLE"	49000000
"BERSERKER_BOOTS"	1000000
"POTION_mushed_glowy_tonic"	2500
"AMBER_POLISHED_DRILL_ENGINE"	162000000
"FIG_AXE"	221109
"THUNDERBOLT_NECKLACE"	840000
"WITHER_CLOAK"	3450000
"BIG_XTREE"	500
"HOCUS_POCUS_CIPHER"	53000000
"EPOCH_CAKE_RED"	4000000
"RING_OF_COINS"	11887981
"MASTIFF_LEGGINGS"	2350000
"REFORGE_ANVIL"	2910000
"SEAL_TREAT_BAG"	613333
"ABIPHONE_XII_MEGA_COLOR"	1280000
"DYE_EMERALD"	272900000
"MANTI_CORE"	43600000
"FROZEN_BLAZE_HELMET"	4603192
"PET_SKIN_BABY_YETI_DARK_SASQUATCH"	32000000
"MONKEY;2"	600000
"MONKEY;0"	80000
"MONKEY;4"	13644702
"MONKEY;3"	2352519
"MONKEY;1"	99000
"JERRY;7"	1500000
"JERRY;0"	100000
"LUSH_RING"	500000
"RECORD_8"	100000
"DYE_PERIWINKLE"	390000000
"BLOCK_ZAPPER"	3400000
"PET_SKIN_ELEPHANT_GRAY_PLUSHIE"	49890000
"PLANT_DIAGNOSTICS_TOOL"	399999
"ZOMBIE_LORD_HELMET"	642194
"MELON_PERSONALITY"	199000
"ROCKING_REINDEER"	700000
"ANGLER_NECKLACE"	50
"PERFECT_BOOTS_9"	4000000
"SPEEDY_LINE"	2900000
"TAURUS_HELMET"	189049
"ANGLER_DEEP_SEA"	499000
"DEMONLORD_GAUNTLET"	38465689
"CANDY_RELIC"	25560317
"ADAPTIVE_BELT"	690000
"PESTHUNTER_BADGE"	120000
"END_PORTAL_FUMES_MIXIN"	674999
"ABIPHONE_FLIP_VOLCANO"	42999999
"FLAMING_FIST"	14500000
"PET_SKIN_TIGER_GOLDEN"	49969420
"PUFFERFISH_HAT_CELEBRATION"	5000000
"HUB_WIZARD_TOWER_TRAVEL_SCROLL"	74888
"FROSTY_SNOW_BALL"	912000
"CAKE"	50
"UNIQUE_RUNE_PRIMAL_FEAR"	67969424
"LITTLEFOOT_FLUFF"	133000000
"SPIKED_ATROCITY"	57000000
"PUMPKIN_ARMCHAIR"	65000
"CASHMERE_JACKET"	200000
"ABYSSAL_CHESTPLATE"	12997577
"STARLIGHT_WAND"	100000
"ZOMBIE_ARTIFACT"	3850000
"BONE_NECKLACE"	13700000
"STONE_PICKAXE"	2
"PINK_DONUT_PERSONALITY"	46333333
"LOTUS_BELT"	400000
"REINDEER;4"	270000
"FAIRY_HELMET"	45000
"SKELETON_GRUNT_LEGGINGS"	60001
"MAGMA_CUBE;3"	450000
"MAGMA_CUBE;4"	4900000
"PET_SKIN_PHOENIX_ICE"	75000000
"BAL;4"	3990000
"BAL;3"	1699998
"SNOW_BLASTER"	185000
"PET_SKIN_BAT_VAMPIRE"	55555556
"MINING_2_TRAVEL_SCROLL"	477500
"SUNFLOWER_HEAD"	200000
"STARRED_BONE_NECKLACE"	10190000
"PET_SKIN_HEDGEHOG_STRAWBERRY"	85000000
"DIVAN_ALLOY"	1150000000
"BUNNY_JERRY"	499999
"PALADIN_MINERAL"	57000000
"WITCH_TALISMAN"	1999999
"GOBLIN_LEGGINGS"	8388
"POTION_enchanting_xp_boost"	100
"SEA_CREATURE_ARTIFACT"	530000
"SUBZERO_WISP;4"	166300000
"SQUIRE_BOOTS"	144000
"REVENANT_SWORD"	980000
"DIAMOND_HOE"	50000
"RACING_HELMET"	2300000000
"SPIDER_RING"	400000
"RUNE_WAKE_1"	10000
"RUNE_WAKE_3"	800000
"RUNE_WAKE_2"	231000
"BEAR_SIDE_TABLE"	500
"FERVOR_BOOTS"	39723
"UNIQUE_RUNE_GRAND_GARDENING"	43023723
"SPEEDSTER_HELMET"	749000
"TALISMAN_ENRICHMENT_CRITICAL_CHANCE"	5000000
"LAUNCH_PAD"	64000
"DANGER_2_PORTAL"	400000
"REINDEER_BACKPACK"	18558913
"HOT_TERROR_BOOTS"	8000000
"COPPER_TALISMAN"	6400000
"RUNE_REDSTONE_1"	10000
"RUNE_REDSTONE_3"	1500000
"DITTO_SKULL"	63000000
"ANGLER_CLOAK"	50
"SMOLDERING_CHAMBERS_TRAVEL_SCROLL"	10216196
"GLASS"	2
"CAMPFIRE_FLUX"	131373652
"SENTINEL_WARDEN"	306332672
"PET_SKIN_ELEPHANT_DARK_BLUE_PLUSHIE"	60000000
"SHARK_SCALE_HELMET"	1373390
"THEORETICAL_HOE_CARROT_2"	6600000
"TRAINING_DUMMY"	148495
"MAGMA_LORD_HELMET"	24800000
"PET_SKIN_PHOENIX_SEAGULL"	20676923
"RUNE_MAGIC_1"	50
"RUNE_MAGIC_3"	199500
"BAT_WAND"	10929280
"SKELETON_HORSE;4"	2000000
"GOLD_CHESTPLATE"	25
"PET_SKIN_WHALE_SPIRIT_ORCA"	39000000
"FLYING_FISH;3"	1830000
"FLYING_FISH;4"	7400000
"FLYING_FISH;2"	210000
"FLYING_FISH;7"	72066166
"CRYSTAL_BALL"	500
"SKELETON_MASTER_BOOTS"	40000
"MINER_OUTFIT_BOOTS"	100000
"WEBBED_FOSSIL"	139000
"DYE_NECRON"	16000000
"HOT_TERROR_HELMET"	8900000
"PIRATE_CUTOUT"	500
"REAPER_SWORD"	2946391
"PET_ITEM_MINING_SKILL_BOOST_COMMON"	20000
"PET_ITEM_FARMING_SKILL_BOOST_UNCOMMON"	12000
"SKULL_CHEST"	91420
"ZOMBIE_RING"	135000
"CLOWNFISH_PERSONALITY"	350000
"GREEN_RECORD"	100000
"PIG;4"	4800000
"PIG;3"	1400000
"PIG;0"	600000
"PIG;2"	1000000
"PIG;1"	665388
"ANGLER_LEGGINGS"	21
"AMALGAMATED_CRIMSONITE"	1000000
"TALISMAN_ENRICHMENT_DEFENSE"	5049000
"SPONGE-7"	750021
"MUSEUM_TRAVEL_SCROLL"	489999
"RECORD_9"	68000
"BONZO_MASK"	1200000
"ZOMBIE_KNIGHT_BOOTS"	69000
"RABBIT_THE_FISH"	844999
"BERSERKER_SANDSTORM_CAT"	10000000
"PET_SKIN_MOOSHROOM_COW_MOOCELIUM"	79000000
"FORAGING_1_PORTAL"	255000
"SUPERIOR_DRAGON_CHESTPLATE"	10410789
"OLD_DRAGON_CHESTPLATE"	510000
"THEORETICAL_HOE_POTATO_3"	29000000
"WISE_WITHER_CHESTPLATE"	22517780
"ADAPTIVE_BOOTS"	117882
"METEOR_MAGMA_LORD"	65604332
"DIVER_PUFFER"	283320000
"FIREPLACE"	5000
"GOLDEN_DRAGON;4"	605000000
"SILENT_DEATH"	1
"TALISMAN_ENRICHMENT_WALK_SPEED"	5000000
"MAMMOTH;4"	5000000
"SYNTHESIZER_V1"	14000000
"GEMSTONE_DIVAN"	510000000
"MELON_DICER"	3100000
"SPIRIT_MASK"	20796179
"PET_SKIN_RABBIT_PLUSHIE"	52000000
"PET_SKIN_JELLYFISH_LUMINESCENT"	118000000
"FIERY_CRIMSON_HELMET"	93414064
"PUMPKIN_DICER"	3188888
"CARROT_PATCH"	500
"NECRON_CELESTIAL"	599998976
"CRAFTING_PLUS"	14999
"PESTHUNTERS_LAIR_BARN_SKIN"	7000000
"ROTTEN_BOOTS"	14400
"GRIFFIN_UPGRADE_STONE_LEGENDARY"	30000000
"EMERALD_BLADE"	500000
"CHAINMAIL_LEGGINGS"	250
"PET_SKIN_ELEPHANT_GREEN"	625000000
"FERMENTO_ULTIMATE"	710000000
"ECCENTRIC_PAINTING_BUNDLE"	59000000
"EMPEROR_ARTIFACT"	231315244
"SKULL_ITEM"	750021
"ARMOR_OF_THE_RESISTANCE_HELMET"	1400000
"RAT_JETPACK"	55555552
"WINTER_DISC"	420
"INFERNO_HYPERGOLIC_NETHER_STALK"	3830000
"REVIVED_HEART"	2429811
"BUILDERS_WAND"	11850000
"MURKWATER_TRAVEL_SCROLL"	368092
"STARRED_SPIDER_QUEENS_STINGER"	786771
"MASTER_SKULL_TIER_7"	534559661
"ABIPHONE_FLIP_NUCLEUS"	42666666
"ICE_LOLLY_PERSONALITY"	120000
"ZOMBIE_KNIGHT_CHESTPLATE"	89549
"WEATHER_NODE"	191667
"SHARK_SCALE_HOODIE_PENGUIN"	35000000
"HYPER_FURNACE"	200000
"DYE_HOLLY"	13000000
"PET_SKIN_DRAGON_NEON_RED"	550000000
"WOOD_STEP-7"	750021
"LIVID_DAGGER"	5780000
"PET_SKIN_ENDERMITE_GATEWAY"	19120000
"CADUCOUS_FEEDER"	8000000
"FARM_SUIT_CHESTPLATE"	46
"PET_SKIN_AMMONITE_HERMIT_BAKED_BEANS"	37000000
"PICKONIMBUS"	54999
"SHARK_SCALE_LEGGINGS"	1390000
"SUMMONING_RING"	12000000
"TERROR_BOOTS"	350976
"SNORKELING_LEGGINGS"	199999
"SUNSHINE_CRYSTAL"	4498135
"REVENANT_CHESTPLATE"	900000
"PET_SKIN_CANDY_SLIME_SPIRIT"	14900000
"SCARE_FRAGMENT"	1467729
"NEX_TITANUM"	4798000
"CADUCEUS_MENDING_CROWN"	58990000
"HOWLING_CAVE_PORTAL"	6000000
"MAGMA_LORD_BOOTS"	21000000
"RED_ROSE-7"	1
"ANGLER_BELT"	50
"BROKEN_PIGGY_BANK"	100000
"EARTH_SHARD"	1
"DIAMOND_BARDING"	68680000
"INFERNAL_CRIMSON_BOOTS"	387046688
"TITANIUM_GAUNTLET"	3805847
"FERMENTO_BOOTS"	20319596
"MYTHOS_CHESTPLATE"	3800000
"PET_ITEM_BUBBLEGUM"	4500000
"MINER_OUTFIT_LEGGINGS"	60000
"THUNDER_BIKER_BLACK"	29000000
"PUFFERFISH_HAT"	300
"MIMIC_CHEST"	35000
"DUNGEON_DISC_4"	98999
"MARSH_SPORE_SOUP"	90000
"RESPIRATION_ARTIFACT"	2950000
"ICHTHYIC_CLOAK"	2534742
"SIRIUS_PERSONAL_PHONE_NUMBER"	9300000
"PERFECTLY_CUT_DIAMOND"	2383570
"PET_SKIN_BLACK_CAT_ONYX"	70676843
"BAT_PERSON_CHESTPLATE"	1942793
"HUB_CRYPTS_TRAVEL_SCROLL"	919999
"STEP-11"	750021
"GLACITE_PALACE_GREENHOUSE_SKIN"	280000000
"ECHOLOCATOR"	17600
"FERMENTO_HELMET"	25657508
"PATIO_SIDE_TABLE"	100000
"PET_SKIN_BLACK_CAT_CATGIRL"	78999000
"GREAT_SPOOK_HELMET"	320000
"STING"	188145520
"ARMOR_OF_YOG_LEGGINGS"	350000
"FEATHER_ARTIFACT"	325000
"PEST_REPELLENT"	99000
"DRAGON_EGG_BACKPACK"	22000000
"SHIMMERING_LIGHT_TUNIC"	10000000
"INFERNAL_CRIMSON_CHESTPLATE"	259375391
"INFERNAL_AURORA_BOOTS"	201892872
"THEORETICAL_HOE_POTATO_2"	6249999
"HEARTFIRE_DAGGER"	41817163
"MAGMA_ROD"	250000
"WARDEN_HEART"	71579959
"MERCENARY_LEGGINGS"	100000
"TITANIUM_CLOAK"	3880498
"RED_CLAW_RING"	2200000
"HUB_CASTLE_TRAVEL_SCROLL"	333999
"THEORETICAL_HOE_CARROT_3"	36500000
"VOIDEDGE_KATANA"	1100000
"BIOHAZARD_SPACE_YELLOW"	28666666
"STARRED_THORNS_BOOTS"	4500000
"FAMILY_DOUBLOON"	100000
"DYE_SNOWFLAKE"	19999999
"CHALLENGER_BOOTS"	932400
"DYE_ICEBERG"	666666666
"PET_ITEM_FARMING_SKILL_BOOST_RARE"	599998
"RUNE_BLOOD_2_1"	1000
"RUNE_BLOOD_2_2"	41097
"RUNE_BLOOD_2_3"	444000
"ITEM_SPIRIT_BOW"	4090392
"SKELETON_SOLDIER_BOOTS"	24000
"GOLEM;4"	2890000
"GOLEM;3"	462000
"DROPLET_WISP;1"	690000
"PET_SKIN_RAT_FIELD_MOUSE_DESPAIR"	12899999
"LUSH_ARTIFACT"	2300000
"ARACK"	35000
"CLUCK_THE_FISH"	90000000
"FARMING_ISLAND"	150000
"SUNDIAL"	4200000
"MITHRIL_PICKAXE"	950000
"TRADING_POST_BARN_SKIN"	2000000
"SQUIRE_CHESTPLATE"	120000
"VINYL_DYNAMITES"	40000
"MYTHOS_BELT"	11520000
"SKELETON_THE_FISH"	250000000
"NUTCRACKER_CHESTPLATE"	1400000
"RUNE_CLOUDS_1"	14400
"RUNE_CLOUDS_3"	629999
"RUNE_CLOUDS_2"	100000
"PET_SKIN_TIGER_SABER_TOOTH"	24000000
"HEAT_CHESTPLATE"	255000
"JERRY_TALISMAN_GOLDEN"	206407910
"MERCENARY_AXE"	98999
"JERRY_TALISMAN_GREEN"	1850000
"SMALL_POCKET_BLACK_HOLE"	50000
"PARTY_HAT"	490000
"PARTY_THE_FISH"	5099999
"RUNE_SNOW_1"	50
"RUNE_SNOW_3"	160000
"RUNE_SNOW_2"	20000
"JUNK_SINKER"	120000
"FIERY_CRIMSON_LEGGINGS"	69116921
"FROST_WISP;2"	11000000
"ABICASE_SUMSUNG_2"	20000000
"PET_SKIN_SHEEP_GRAY"	365000000
"DRAGONFUSE_GLOVE"	10940378
"LEATHER_BOOTS-58"	750021
"PET_SKIN_WISP_FAIRY"	24490000
"EMPEROR_RING"	57820598
"WITCH_ARTIFACT"	48500000
"RAILS"	5
"FIERY_TERROR_CHESTPLATE"	70240120
"PET_SKIN_DOLPHIN_SNUBFIN"	28700000
"CLAW_FOSSIL"	255555
"SHARK_SCALE_CHESTPLATE"	1423960
"FROZEN_BLAZE_ICICLE"	599980032
"THUNDER_CHESTPLATE"	999997
"STARRED_FELTHORN_REAPER"	35450000
"PERFECT_CHESTPLATE_13"	8149766
"PET_SKIN_BLUE_WHALE_PLUSHIE"	7998000
"MAXOR_CELESTIAL"	1950000000
"JUNGLE_CABIN"	7467
"NECROMANCER_SWORD"	8899999
"STRONG_DRAGON_HELMET"	1320000
"VINYL_PRAY_FOR_ME"	48000
"OVERFLUX_POWER_ORB"	78911112
"AMMONITE;4"	1400000
"TITANIUM_DRILL_ENGINE"	24200000
"GOLD_AXE"	22
"CAKE_SOUL"	12999998
"POTION_stinky_cheese"	1100000
"FIRE_FREEZE_STAFF"	384375
"PET_SKIN_MONKEY_GORILLA"	55000000
"GREAT_SPOOK_NECKLACE"	1600000
"MAXOR_THE_FISH"	360000
"PET_SKIN_GIRAFFE_SAFARI"	39000000
"PRIMORDIAL_LEGGINGS"	21787384
"DYE_CELESTE"	3579970049
"FLORID_ZOMBIE_SWORD"	1149999
"ICE_CREAM_PERSONALITY"	7599
"JADE_DRAGON;4"	543481471
"HARDENED_DIAMOND_HELMET"	148000
"DUNGEON_DISC_5"	100000
"PARTY_CLOAK"	300000
"WITHER_BOOTS"	750000
"GILLSPLASH_CLOAK"	42000000
"GIFT_PURPLE_BACKPACK"	1200000
"PANDORAS_BOX"	534000000
"PESTHUNTERS_NECKLACE"	550000
"PET_SKIN_WOLF_GERMAN"	9267333
"PET_SKIN_JELLYFISH_CUTE"	21500000
"KNOCKOFF_COLA"	9999
"PET_SKIN_MONKEY_LION_TAMARIN"	10350000
"PET_SKIN_TURTLE_ANCIENT_GOLDEN"	29000000
"STARLIGHT_STARKNIGHT"	999999
"ZOMBIE_SOLDIER_CHESTPLATE"	24999
"ROSETTA_LEGGINGS"	54000
"SNOWMAN"	500
"FISH_FOOD"	1
"SULPHUR_BOW"	1269999
"PET_SKIN_BEE_SPELLING_BEE"	240000000
"ESTATE_GREENHOUSE_SKIN"	3600000
"PET_SKIN_GRIFFIN_PEAFOWL"	20000000
"HOT_CHOCOLATE_MIXIN"	40000
"LOTUS_BRACELET"	140000
"BLUERTOOTH_RING"	56723410
"HOLIDAY_CHEST_YELLOW_BACKPACK"	350000
"GOLD_LEGGINGS"	16
"LEVER"	1
"INFERNO_HYPERGOLIC_BLAZE_ROD"	4500000
"HASTE_RING"	90000
"LUCKY_HOOF"	123455
"MELON_DICER_2"	7945952
"TITANIUM_LANTERN"	2599999
"BINGO_RELIC"	1282793802
"BROWN_BANDANA"	5700000
"VINYL_BUZZIN_BEATS"	42000
"MANGROVE_GRIPPERS"	2538313
"TANK_MINER_HELMET"	9000
"PATIO_BENCH"	50000
"PURPLE_EGG"	65000000
"MAGMA_FISH_HAT"	200000
"JAR_OF_SAND"	450000
"WITHER_CHESTPLATE"	10700000
"PIGMAN_SWORD"	7400000
"CHOCOLATE_FACTORY_BARN_SKIN"	91667
"PARTY_GLOVES"	240000
"CACTUS_KNIFE"	3600000
"POTION_haste"	2
"VIKING_TEAR"	45000
"NETHER_WART_ISLAND"	300000
"MITHRIL_NECKLACE"	180000
"ARMOR_SHOWCASE"	50000
"FANCY_BEACH_CHAIR"	1500
"FIGSTONE_AXE"	1150000
"MOSQUITO_BOW"	68570479
"PENGUIN_BACKPACK"	35555556
"PET_SKIN_AMMONITE_HERMIT_BEACH_BALL"	19000000
"ANGLER_CHESTPLATE"	25
"HOLIDAY_CHEST_ENDER_BACKPACK"	388887
"PET_SKIN_ROCK_NORTH_STAR"	750000
"TUNING_FORK"	100000
"FINWAVE_GLOVES"	16400502
"MYTHOS_LEGGINGS"	11204445
"THEORETICAL_HOE_POTATO_1"	3200000
"FARMING_2_TRAVEL_SCROLL"	597998
"CROW;3"	19220000
"CROW;4"	34000000
"CROW;2"	6320000
"CROW;1"	1420000
"CROW;0"	319000
"SERRATED_CLAWS"	5500000
"SPIDER_TALISMAN"	60000
"VINYL_BEETLE"	44400
"TREASURE_RING"	8395409
"SYNTHESIZER_V3"	176500000
"HOT_AURORA_BOOTS"	7946666
"SWORD_OF_BAD_HEALTH"	397000
"PRESTIGE_CHOCOLATE_REALM"	400000
"BASIC_FISHING_NET"	100000
"TREASURE_TALISMAN"	7500000
"CENTURY_MEMENTO_BLUE"	985875
"PET_SKIN_BABY_YETI_LIGHT_SASQUATCH"	31690000
"PET_SKIN_TYRANNOSAURUS_FOSSIL"	8000000
"BLACK_COFFEE"	89999
"JUMBO_BACKPACK"	4635161
"POTION_harvest_harbinger"	899000
"GOBLIN_CHESTPLATE"	3600
"POTION_regeneration"	38
"STOOL"	30000
"FROZEN_BLAZE_BOOTS"	4339219
"ZOMBIE_COMMANDER_LEGGINGS"	160000
"TRIBAL_SPEAR"	796999
"PET_SKIN_WOLF_FENRIR"	13800000
"RAIDER_AXE"	244999
"SPIRIT;4"	4700000
"SPIRIT;3"	5267332
"PET_ITEM_FLYING_PIG"	50000
"REINFORCED_SCALES"	6712270
"SQUASH_HELMET"	9000000
"PET_ITEM_SADDLE"	199998
"ROD_OF_THE_SEA"	9707839
"PATIO_FIRE_PIT"	1500000
"DEATH_BOW"	5999999
"PERFECT_BOOTS_1"	600000
"DYE_WILD_STRAWBERRY"	47000000
"DIAMOND_LEGGINGS"	61
"POTION_true_defense"	5000
"MOSQUITO;3"	79159832
"MOSQUITO;4"	199900000
"MOSQUITO;0"	133159832
"MOSQUITO;2"	30389332
"MOSQUITO;1"	32629332
"TERMINATOR"	430930280
"MUSHROOM_CHESTPLATE"	16
"CENTURY_TALISMAN"	11000000
"JUNGLE_AMULET"	1800000
"SNORKELING_CHESTPLATE"	276999
"MEDIUM_SCAFFOLDING"	719987
"OWL;4"	1600000
"PUMPKIN_DRESSER"	500
"JERRY_CANDY"	50000
"PET_SKIN_CHICKEN_CHICK_PINK"	43500000
"UNIQUE_RUNE_MEOW_MUSIC"	528900000
"FINAL_DESTINATION_CHESTPLATE"	1200000
"PET_ITEM_TEXTBOOK"	1199900
"PET_SKIN_MONKEY_LEMUR"	29000000
"BURNING_CRIMSON_LEGGINGS"	27615940
"FOUR_EYED_FISH"	519000000
"SHINY_ROD"	500000
"MINERAL_HELMET"	899000
"TERROR_CHESTPLATE"	296220
"PERFECT_HELMET_3"	1089100
"STEP-15"	750021
"PET_SKIN_ARMADILLO_ENCHANTED"	166000000
"EMBER_BOOTS"	4900000
"RED_BELT"	1200000
"SHOWCASE_BLOCK"	200000
"WARNING_FLARE"	6363671
"DYE_LUCKY"	33409343
"EASTER_EGG_PERSONALITY"	75000
"CHOCO_RABBIT_PERSONALITY"	7036
"PET_SKIN_MOOSHROOM_COW_LUNAR_OX"	345000000
"TITANIUM_NECKLACE"	3999000
"SPOOKY_LEGGINGS"	1440000
"PET_SKIN_LION_PLUSHIE_SPIRIT"	18000000
"BEASTMASTER_CREST_COMMON"	1100000
"EMBER_HELMET"	4500000
"RED_ROSE-5"	1
"DYE_MOCHA"	49999000
"CARPENTRY_BENCH"	500
"PET_SKIN_IRON_GOLEM_CLAY"	10660000
"CENTURY_RING"	15700000
"IRON_PICKAXE"	20
"TORMENTOR"	47000000
"PET_SKIN_CHICKEN_ZODIAC_ROOSTER"	25990000
"ABIPHONE_XIV_ENORMOUS_BLACK"	25000000
"PET_SKIN_RAT_PIRATE"	50000000
"ROTTEN_CHESTPLATE"	12000
"PROMISING_SPADE"	251022
"RUNE_ENDERSNAKE_1"	10000
"RUNE_ENDERSNAKE_2"	46000
"RUNE_ENDERSNAKE_3"	250000
"BIOHAZARD_LEGGINGS"	1149499
"YELLOW_BANDANA"	540000
"DUNGEON_DISC_2"	43162
"PET_SKIN_RABBIT_ROSE"	445000000
"SUSPICIOUS_STEW"	78000
"RABBIT_BOOTS"	377777
"RESPIRATION_TALISMAN"	5000
"MYTH_THE_FISH"	7163997
"ABYSSAL_HELMET"	13542954
"BACKPACK_CAT_O_LANTERN"	8130000
"EGG_THE_FISH"	5000000
"PERFECT_CHESTPLATE_8"	3800000
"PET_SKIN_BAT_BONE"	19210000
"RUNEBLADE_ARTIFACT"	5400000
"PET_SKIN_TYRANNOSAURUS_PLUSHIE"	19000000
"ATOMSPLIT_KATANA"	54266780
"PET_SKIN_HEDGEHOG_GLACIAL"	19000000
"ANANKE_FEATHER"	23999996
"FUDGE_MINT_CORE"	1200000
"NIGHT_CRYSTAL"	350000
"PET_SKIN_PARROT_CROW"	18000000
"CONJURING_SWORD"	1
"HOT_AURORA_LEGGINGS"	9031093
"BAT_ARTIFACT"	3000000
"POTION_weakness"	500
"GINGERBREAD_BED"	15000
"UGLY_FOSSIL"	600000
"RUNE_HEARTS_1"	999
"RUNE_HEARTS_3"	489999
"RUNE_HEARTS_2"	58999
"POTION_water_breathing"	22967
"HURRICANE_IN_A_BOTTLE_EMPTY"	4941909
"RUSTY_TITANIUM_PICKAXE"	149998
"GRIZZLY_BAIT"	2000000
"COAL-1"	700000
"CHILL_THE_FISH"	20000000
"SPEED_ARTIFACT"	5700000
"DYE_HELLEBORE"	22222000
"FESTIVE_ZOMBIE_PERSONALITY"	240000
"DYE_PURE_BLUE"	300000000
"REKINDLED_EMBER_BOOTS"	999999
"RUNE_FIRE_SPIRAL_3"	3710000
"RUNE_FIRE_SPIRAL_1"	99999
"RUNE_FIRE_SPIRAL_2"	499999
"DUNGEON_LORE_PAPER"	1
"GIFT_BLACK_BACKPACK"	933333
"PET_SKIN_CHICKEN_CHICK_BLACK"	20000000
"GOD_POTION"	22651009
"CUBE_BARN_SKIN"	20000000
"APEX_PRAEDATOR"	2936065
"FLAMINGO"	90000
"PET_ITEM_MINING_SKILL_BOOST_RARE"	36000
"JELLYFISH;3"	28980000
"JELLYFISH;4"	41000000
"STARLIGHT_LEGGINGS"	200000
"GENERAL_MEDALLION"	1100000
"JERRY_HELMET"	660000
"TRIPWIRE_HOOK"	2
"TROPICAL_BIRD_1_PERSONALITY"	88000
"SILENT_PEARL"	142
"BASIC_GARDENING_HOE"	90000
"DISCRITE"	22500000
"RUNEBLADE_RING"	564999
"STONE-7"	750021
"TUSK_FOSSIL"	177600
"PET_SKIN_ROCK_BLINKING"	45000000
"GRIFFIN_UPGRADE_STONE_RARE"	4625875
"SORROW_PALADIN"	3500000
"PET_SKIN_GOLEM_END"	20299000
"PET_SKIN_SCATHA_GUMMY"	43434344
"PET_SKIN_LION_WHITE"	19500000
"BUNNY_SOFA"	500
"CANDY_CANE_CHAIR"	250
"ROCK_THE_FISH"	20700000
"PELT_BELT"	5799999
"DYE_FOSSIL"	49905999
"DIVAN_BOOTS"	19000000
"ABYSSAL_BOOTS"	12670301
"SYNTHESIZER_V2"	70000000
"PERSONAL_COMPACTOR_4000"	760000
"SKELETOR_BOOTS"	80000
"BEACH_BALL_BARN_SKIN"	23810000
"PET_SKIN_BAL_BLIZZARD"	10850000
"KALHUIKI_MASK"	399000
"VINYL_EARTHWORM_ENSEMBLE"	45000
"PERFECT_LEGGINGS_12"	5760000
"PET_SKIN_TIGER_PLUSHIE"	18066666
"HERMIT_CRAB;4"	9911453
"HERMIT_CRAB;7"	21328119
"SCOURGE_CLOAK"	2598311
"INTIMIDATION_TALISMAN"	550
"PET_SKIN_SHEEP_RED"	313333333
"GOLD_HELMET"	12
"STAFF_OF_THE_VOLCANO"	100000
"PERSONAL_COMPACTOR_6000"	2350000
"DOLPHIN;2"	1140001
"DOLPHIN;3"	2500000
"DOLPHIN;4"	11671754
"DOLPHIN;1"	73332
"DOLPHIN;0"	48000
"SALMON_BOOTS_NEW"	119999
"WISE_DRAGON_LEGGINGS"	3400000
"PET_SKIN_DOLPHIN_SNUBNOSE_RED"	30000000
"UNDEAD_BOW"	159000
"POTION_foraging_xp_boost"	100
"COFFEE_TABLE"	500
"GOBLIN_HELMET"	7428
"SCYLLA"	478000000
"VALKYRIE"	478000000
"NECRON_BLADE"	478000000
"ASTRAEA"	478000000